transaction date,cust,notes,item,unit,current stock,qty
01.01.2025,SIGMA,-,Bottom Panel Black,pcs,,275
01.01.2025,SIGMA,-,I/O BUTTON BLACK TP,pcs,,584
01.01.2025,SIGMA,-,One Blade P-Cap,pcs,,430
01.01.2025,SIGMA,-,Panel Holder,pcs,,575
01.01.2025,SIGMA,-,Thining Comb,pcs,,550
02.01.2025,SIGMA,-,Bottom Panel Black,pcs,,275
02.01.2025,SIGMA,-,I/O BUTTON BLACK TP,pcs,,584
02.01.2025,SIGMA,-,One Blade P-Cap,pcs,,429
02.01.2025,SIGMA,-,Panel Holder,pcs,,575
02.01.2025,SIGMA,-,Thining Comb,pcs,,550
03.01.2025,SIGMA,-,Bottom Panel Black,pcs,,275
03.01.2025,SIGMA,-,I/O BUTTON BLACK TP,pcs,,584
03.01.2025,SIGMA,-,One Blade P-Cap,pcs,,429
03.01.2025,SIGMA,-,Panel Holder,pcs,,0
03.01.2025,SIGMA,-,Thining Comb,pcs,,0
04.01.2025,SIGMA,-,Bottom Panel Black,pcs,,275
04.01.2025,SIGMA,-,I/O BUTTON BLACK TP,pcs,,584
04.01.2025,SIGMA,-,One Blade P-Cap,pcs,,429
04.01.2025,SIGMA,-,Panel Holder,pcs,,0
04.01.2025,SIGMA,-,Thining Comb,pcs,,0
05.01.2025,SIGMA,-,Bottom Panel Black,pcs,,275
05.01.2025,SIGMA,-,I/O BUTTON BLACK TP,pcs,,584
05.01.2025,SIGMA,-,One Blade P-Cap,pcs,,429
05.01.2025,SIGMA,-,Panel Holder,pcs,,575
05.01.2025,SIGMA,-,Thining Comb,pcs,,550
06.01.2025,SIGMA,-,Bottom Panel Black,pcs,,275
06.01.2025,SIGMA,-,I/O BUTTON BLACK TP,pcs,,584
06.01.2025,SIGMA,-,One Blade P-Cap,pcs,,429
06.01.2025,SIGMA,-,Panel Holder,pcs,,575
06.01.2025,SIGMA,-,Thining Comb,pcs,,550
07.01.2025,SIGMA,-,Bottom Panel Black,pcs,,274
07.01.2025,SIGMA,-,I/O BUTTON BLACK TP,pcs,,584
07.01.2025,SIGMA,-,One Blade P-Cap,pcs,,429
07.01.2025,SIGMA,-,Panel Holder,pcs,,575
07.01.2025,SIGMA,-,Thining Comb,pcs,,550
08.01.2025,SIGMA,-,Bottom Panel Black,pcs,,274
08.01.2025,SIGMA,-,I/O BUTTON BLACK TP,pcs,,584
08.01.2025,SIGMA,-,One Blade P-Cap,pcs,,429
08.01.2025,SIGMA,-,Panel Holder,pcs,,575
08.01.2025,SIGMA,-,Thining Comb,pcs,,550
09.01.2025,SIGMA,-,Bottom Panel Black,pcs,,274
09.01.2025,SIGMA,-,I/O BUTTON BLACK TP,pcs,,584
09.01.2025,SIGMA,-,One Blade P-Cap,pcs,,429
09.01.2025,SIGMA,-,Panel Holder,pcs,,575
09.01.2025,SIGMA,-,Thining Comb,pcs,,550
10.01.2025,SIGMA,-,Bottom Panel Black,pcs,,274
10.01.2025,SIGMA,-,I/O BUTTON BLACK TP,pcs,,584
10.01.2025,SIGMA,-,One Blade P-Cap,pcs,,429
10.01.2025,SIGMA,-,Panel Holder,pcs,,0
10.01.2025,SIGMA,-,Thining Comb,pcs,,0
11.01.2025,SIGMA,-,Bottom Panel Black,pcs,,274
11.01.2025,SIGMA,-,I/O BUTTON BLACK TP,pcs,,584
11.01.2025,SIGMA,-,One Blade P-Cap,pcs,,429
11.01.2025,SIGMA,-,Panel Holder,pcs,,0
11.01.2025,SIGMA,-,Thining Comb,pcs,,0
12.01.2025,SIGMA,-,Bottom Panel Black,pcs,,274
12.01.2025,SIGMA,-,I/O BUTTON BLACK TP,pcs,,584
12.01.2025,SIGMA,-,One Blade P-Cap,pcs,,429
12.01.2025,SIGMA,-,Panel Holder,pcs,,575
12.01.2025,SIGMA,-,Thining Comb,pcs,,550
13.01.2025,SIGMA,-,Bottom Panel Black,pcs,,274
13.01.2025,SIGMA,-,I/O BUTTON BLACK TP,pcs,,584
13.01.2025,SIGMA,-,One Blade P-Cap,pcs,,429
13.01.2025,SIGMA,-,Panel Holder,pcs,,575
13.01.2025,SIGMA,-,Thining Comb,pcs,,550
14.01.2025,SIGMA,-,Bottom Panel Black,pcs,,274
14.01.2025,SIGMA,-,I/O BUTTON BLACK TP,pcs,,584
14.01.2025,SIGMA,-,One Blade P-Cap,pcs,,429
14.01.2025,SIGMA,-,Panel Holder,pcs,,575
14.01.2025,SIGMA,-,Thining Comb,pcs,,550
15.01.2025,SIGMA,-,Bottom Panel Black,pcs,,274
15.01.2025,SIGMA,-,I/O BUTTON BLACK TP,pcs,,584
15.01.2025,SIGMA,-,One Blade P-Cap,pcs,,429
15.01.2025,SIGMA,-,Panel Holder,pcs,,575
15.01.2025,SIGMA,-,Thining Comb,pcs,,550
16.01.2025,SIGMA,-,Bottom Panel Black,pcs,,274
16.01.2025,SIGMA,-,I/O BUTTON BLACK TP,pcs,,584
16.01.2025,SIGMA,-,One Blade P-Cap,pcs,,429
16.01.2025,SIGMA,-,Panel Holder,pcs,,575
16.01.2025,SIGMA,-,Thining Comb,pcs,,550
17.01.2025,SIGMA,-,Bottom Panel Black,pcs,,274
17.01.2025,SIGMA,-,I/O BUTTON BLACK TP,pcs,,584
17.01.2025,SIGMA,-,One Blade P-Cap,pcs,,429
17.01.2025,SIGMA,-,Panel Holder,pcs,,0
17.01.2025,SIGMA,-,Thining Comb,pcs,,0
18.01.2025,SIGMA,-,Bottom Panel Black,pcs,,274
18.01.2025,SIGMA,-,I/O BUTTON BLACK TP,pcs,,584
18.01.2025,SIGMA,-,One Blade P-Cap,pcs,,429
18.01.2025,SIGMA,-,Panel Holder,pcs,,0
18.01.2025,SIGMA,-,Thining Comb,pcs,,0
19.01.2025,SIGMA,-,Bottom Panel Black,pcs,,274
19.01.2025,SIGMA,-,I/O BUTTON BLACK TP,pcs,,584
19.01.2025,SIGMA,-,One Blade P-Cap,pcs,,429
19.01.2025,SIGMA,-,Panel Holder,pcs,,575
19.01.2025,SIGMA,-,Thining Comb,pcs,,550
20.01.2025,SIGMA,-,Bottom Panel Black,pcs,,274
20.01.2025,SIGMA,-,I/O BUTTON BLACK TP,pcs,,584
20.01.2025,SIGMA,-,One Blade P-Cap,pcs,,429
20.01.2025,SIGMA,-,Panel Holder,pcs,,575
20.01.2025,SIGMA,-,Thining Comb,pcs,,550
21.01.2025,SIGMA,-,Bottom Panel Black,pcs,,274
21.01.2025,SIGMA,-,I/O BUTTON BLACK TP,pcs,,584
21.01.2025,SIGMA,-,One Blade P-Cap,pcs,,429
21.01.2025,SIGMA,-,Panel Holder,pcs,,575
21.01.2025,SIGMA,-,Thining Comb,pcs,,550
22.01.2025,SIGMA,-,Bottom Panel Black,pcs,,274
22.01.2025,SIGMA,-,I/O BUTTON BLACK TP,pcs,,584
22.01.2025,SIGMA,-,One Blade P-Cap,pcs,,429
22.01.2025,SIGMA,-,Panel Holder,pcs,,575
22.01.2025,SIGMA,-,Thining Comb,pcs,,550
23.01.2025,SIGMA,-,Bottom Panel Black,pcs,,274
23.01.2025,SIGMA,-,I/O BUTTON BLACK TP,pcs,,584
23.01.2025,SIGMA,-,One Blade P-Cap,pcs,,429
23.01.2025,SIGMA,-,Panel Holder,pcs,,575
23.01.2025,SIGMA,-,Thining Comb,pcs,,550
24.01.2025,SIGMA,-,Bottom Panel Black,pcs,,274
24.01.2025,SIGMA,-,I/O BUTTON BLACK TP,pcs,,584
24.01.2025,SIGMA,-,One Blade P-Cap,pcs,,429
24.01.2025,SIGMA,-,Panel Holder,pcs,,0
24.01.2025,SIGMA,-,Thining Comb,pcs,,0
25.01.2025,SIGMA,-,Bottom Panel Black,pcs,,274
25.01.2025,SIGMA,-,I/O BUTTON BLACK TP,pcs,,584
25.01.2025,SIGMA,-,One Blade P-Cap,pcs,,429
25.01.2025,SIGMA,-,Panel Holder,pcs,,0
25.01.2025,SIGMA,-,Thining Comb,pcs,,0
26.01.2025,SIGMA,-,Bottom Panel Black,pcs,,274
26.01.2025,SIGMA,-,I/O BUTTON BLACK TP,pcs,,584
26.01.2025,SIGMA,-,One Blade P-Cap,pcs,,429
26.01.2025,SIGMA,-,Panel Holder,pcs,,575
26.01.2025,SIGMA,-,Thining Comb,pcs,,550
27.01.2025,SIGMA,-,Bottom Panel Black,pcs,,274
27.01.2025,SIGMA,-,I/O BUTTON BLACK TP,pcs,,584
27.01.2025,SIGMA,-,One Blade P-Cap,pcs,,429
27.01.2025,SIGMA,-,Panel Holder,pcs,,575
27.01.2025,SIGMA,-,Thining Comb,pcs,,550
28.01.2025,SIGMA,-,Bottom Panel Black,pcs,,274
28.01.2025,SIGMA,-,I/O BUTTON BLACK TP,pcs,,583
28.01.2025,SIGMA,-,One Blade P-Cap,pcs,,429
28.01.2025,SIGMA,-,Panel Holder,pcs,,575
28.01.2025,SIGMA,-,Thining Comb,pcs,,550
29.01.2025,SIGMA,-,Bottom Panel Black,pcs,,274
29.01.2025,SIGMA,-,I/O BUTTON BLACK TP,pcs,,583
29.01.2025,SIGMA,-,One Blade P-Cap,pcs,,429
29.01.2025,SIGMA,-,Panel Holder,pcs,,575
29.01.2025,SIGMA,-,Thining Comb,pcs,,550
30.01.2025,SIGMA,-,Bottom Panel Black,pcs,,274
30.01.2025,SIGMA,-,I/O BUTTON BLACK TP,pcs,,583
30.01.2025,SIGMA,-,One Blade P-Cap,pcs,,429
30.01.2025,SIGMA,-,Panel Holder,pcs,,575
30.01.2025,SIGMA,-,Thining Comb,pcs,,550
31.01.2025,SIGMA,-,Bottom Panel Black,pcs,,274
31.01.2025,SIGMA,-,I/O BUTTON BLACK TP,pcs,,583
31.01.2025,SIGMA,-,One Blade P-Cap,pcs,,429
31.01.2025,SIGMA,-,Panel Holder,pcs,,0
31.01.2025,SIGMA,-,Thining Comb,pcs,,0
01.02.2025,SIGMA,-,Bottom Panel Black,pcs,,318
01.02.2025,SIGMA,-,I/O BUTTON BLACK TP,pcs,,661
01.02.2025,SIGMA,-,One Blade P-Cap,pcs,,490
01.02.2025,SIGMA,-,Panel Holder,pcs,,0
01.02.2025,SIGMA,-,Thining Comb,pcs,,0
02.02.2025,SIGMA,-,Bottom Panel Black,pcs,,318
02.02.2025,SIGMA,-,I/O BUTTON BLACK TP,pcs,,661
02.02.2025,SIGMA,-,One Blade P-Cap,pcs,,490
02.02.2025,SIGMA,-,Panel Holder,pcs,,600
02.02.2025,SIGMA,-,Thining Comb,pcs,,560
03.02.2025,SIGMA,-,Bottom Panel Black,pcs,,318
03.02.2025,SIGMA,-,I/O BUTTON BLACK TP,pcs,,661
03.02.2025,SIGMA,-,One Blade P-Cap,pcs,,490
03.02.2025,SIGMA,-,Panel Holder,pcs,,600
03.02.2025,SIGMA,-,Thining Comb,pcs,,560
04.02.2025,SIGMA,-,Bottom Panel Black,pcs,,318
04.02.2025,SIGMA,-,I/O BUTTON BLACK TP,pcs,,661
04.02.2025,SIGMA,-,One Blade P-Cap,pcs,,490
04.02.2025,SIGMA,-,Panel Holder,pcs,,600
04.02.2025,SIGMA,-,Thining Comb,pcs,,560
05.02.2025,SIGMA,-,Bottom Panel Black,pcs,,318
05.02.2025,SIGMA,-,I/O BUTTON BLACK TP,pcs,,661
05.02.2025,SIGMA,-,One Blade P-Cap,pcs,,490
05.02.2025,SIGMA,-,Panel Holder,pcs,,600
05.02.2025,SIGMA,-,Thining Comb,pcs,,560
06.02.2025,SIGMA,-,Bottom Panel Black,pcs,,318
06.02.2025,SIGMA,-,I/O BUTTON BLACK TP,pcs,,661
06.02.2025,SIGMA,-,One Blade P-Cap,pcs,,490
06.02.2025,SIGMA,-,Panel Holder,pcs,,600
06.02.2025,SIGMA,-,Thining Comb,pcs,,560
07.02.2025,SIGMA,-,Bottom Panel Black,pcs,,318
07.02.2025,SIGMA,-,I/O BUTTON BLACK TP,pcs,,661
07.02.2025,SIGMA,-,One Blade P-Cap,pcs,,490
07.02.2025,SIGMA,-,Panel Holder,pcs,,0
07.02.2025,SIGMA,-,Thining Comb,pcs,,0
08.02.2025,SIGMA,-,Bottom Panel Black,pcs,,318
08.02.2025,SIGMA,-,I/O BUTTON BLACK TP,pcs,,661
08.02.2025,SIGMA,-,One Blade P-Cap,pcs,,490
08.02.2025,SIGMA,-,Panel Holder,pcs,,0
08.02.2025,SIGMA,-,Thining Comb,pcs,,0
09.02.2025,SIGMA,-,Bottom Panel Black,pcs,,318
09.02.2025,SIGMA,-,I/O BUTTON BLACK TP,pcs,,661
09.02.2025,SIGMA,-,One Blade P-Cap,pcs,,489
09.02.2025,SIGMA,-,Panel Holder,pcs,,600
09.02.2025,SIGMA,-,Thining Comb,pcs,,560
10.02.2025,SIGMA,-,Bottom Panel Black,pcs,,318
10.02.2025,SIGMA,-,I/O BUTTON BLACK TP,pcs,,661
10.02.2025,SIGMA,-,One Blade P-Cap,pcs,,489
10.02.2025,SIGMA,-,Panel Holder,pcs,,600
10.02.2025,SIGMA,-,Thining Comb,pcs,,560
11.02.2025,SIGMA,-,Bottom Panel Black,pcs,,318
11.02.2025,SIGMA,-,I/O BUTTON BLACK TP,pcs,,661
11.02.2025,SIGMA,-,One Blade P-Cap,pcs,,489
11.02.2025,SIGMA,-,Panel Holder,pcs,,600
11.02.2025,SIGMA,-,Thining Comb,pcs,,560
12.02.2025,SIGMA,-,Bottom Panel Black,pcs,,318
12.02.2025,SIGMA,-,I/O BUTTON BLACK TP,pcs,,661
12.02.2025,SIGMA,-,One Blade P-Cap,pcs,,489
12.02.2025,SIGMA,-,Panel Holder,pcs,,600
12.02.2025,SIGMA,-,Thining Comb,pcs,,560
13.02.2025,SIGMA,-,Bottom Panel Black,pcs,,318
13.02.2025,SIGMA,-,I/O BUTTON BLACK TP,pcs,,661
13.02.2025,SIGMA,-,One Blade P-Cap,pcs,,489
13.02.2025,SIGMA,-,Panel Holder,pcs,,600
13.02.2025,SIGMA,-,Thining Comb,pcs,,560
14.02.2025,SIGMA,-,Bottom Panel Black,pcs,,318
14.02.2025,SIGMA,-,I/O BUTTON BLACK TP,pcs,,661
14.02.2025,SIGMA,-,One Blade P-Cap,pcs,,489
14.02.2025,SIGMA,-,Panel Holder,pcs,,0
14.02.2025,SIGMA,-,Thining Comb,pcs,,0
15.02.2025,SIGMA,-,Bottom Panel Black,pcs,,318
15.02.2025,SIGMA,-,I/O BUTTON BLACK TP,pcs,,661
15.02.2025,SIGMA,-,One Blade P-Cap,pcs,,489
15.02.2025,SIGMA,-,Panel Holder,pcs,,0
15.02.2025,SIGMA,-,Thining Comb,pcs,,0
16.02.2025,SIGMA,-,Bottom Panel Black,pcs,,318
16.02.2025,SIGMA,-,I/O BUTTON BLACK TP,pcs,,661
16.02.2025,SIGMA,-,One Blade P-Cap,pcs,,489
16.02.2025,SIGMA,-,Panel Holder,pcs,,600
16.02.2025,SIGMA,-,Thining Comb,pcs,,560
17.02.2025,SIGMA,-,Bottom Panel Black,pcs,,318
17.02.2025,SIGMA,-,I/O BUTTON BLACK TP,pcs,,661
17.02.2025,SIGMA,-,One Blade P-Cap,pcs,,489
17.02.2025,SIGMA,-,Panel Holder,pcs,,600
17.02.2025,SIGMA,-,Thining Comb,pcs,,560
18.02.2025,SIGMA,-,Bottom Panel Black,pcs,,318
18.02.2025,SIGMA,-,I/O BUTTON BLACK TP,pcs,,661
18.02.2025,SIGMA,-,One Blade P-Cap,pcs,,489
18.02.2025,SIGMA,-,Panel Holder,pcs,,600
18.02.2025,SIGMA,-,Thining Comb,pcs,,560
19.02.2025,SIGMA,-,Bottom Panel Black,pcs,,318
19.02.2025,SIGMA,-,I/O BUTTON BLACK TP,pcs,,661
19.02.2025,SIGMA,-,One Blade P-Cap,pcs,,489
19.02.2025,SIGMA,-,Panel Holder,pcs,,600
19.02.2025,SIGMA,-,Thining Comb,pcs,,560
20.02.2025,SIGMA,-,Bottom Panel Black,pcs,,318
20.02.2025,SIGMA,-,I/O BUTTON BLACK TP,pcs,,661
20.02.2025,SIGMA,-,One Blade P-Cap,pcs,,489
20.02.2025,SIGMA,-,Panel Holder,pcs,,600
20.02.2025,SIGMA,-,Thining Comb,pcs,,560
21.02.2025,SIGMA,-,Bottom Panel Black,pcs,,318
21.02.2025,SIGMA,-,I/O BUTTON BLACK TP,pcs,,660
21.02.2025,SIGMA,-,One Blade P-Cap,pcs,,489
21.02.2025,SIGMA,-,Panel Holder,pcs,,0
21.02.2025,SIGMA,-,Thining Comb,pcs,,0
22.02.2025,SIGMA,-,Bottom Panel Black,pcs,,318
22.02.2025,SIGMA,-,I/O BUTTON BLACK TP,pcs,,660
22.02.2025,SIGMA,-,One Blade P-Cap,pcs,,489
22.02.2025,SIGMA,-,Panel Holder,pcs,,0
22.02.2025,SIGMA,-,Thining Comb,pcs,,0
23.02.2025,SIGMA,-,Bottom Panel Black,pcs,,318
23.02.2025,SIGMA,-,I/O BUTTON BLACK TP,pcs,,660
23.02.2025,SIGMA,-,One Blade P-Cap,pcs,,489
23.02.2025,SIGMA,-,Panel Holder,pcs,,600
23.02.2025,SIGMA,-,Thining Comb,pcs,,560
24.02.2025,SIGMA,-,Bottom Panel Black,pcs,,318
24.02.2025,SIGMA,-,I/O BUTTON BLACK TP,pcs,,660
24.02.2025,SIGMA,-,One Blade P-Cap,pcs,,489
24.02.2025,SIGMA,-,Panel Holder,pcs,,600
24.02.2025,SIGMA,-,Thining Comb,pcs,,560
25.02.2025,SIGMA,-,Bottom Panel Black,pcs,,317
25.02.2025,SIGMA,-,I/O BUTTON BLACK TP,pcs,,660
25.02.2025,SIGMA,-,One Blade P-Cap,pcs,,489
25.02.2025,SIGMA,-,Panel Holder,pcs,,600
25.02.2025,SIGMA,-,Thining Comb,pcs,,560
26.02.2025,SIGMA,-,Bottom Panel Black,pcs,,317
26.02.2025,SIGMA,-,I/O BUTTON BLACK TP,pcs,,660
26.02.2025,SIGMA,-,One Blade P-Cap,pcs,,489
26.02.2025,SIGMA,-,Panel Holder,pcs,,600
26.02.2025,SIGMA,-,Thining Comb,pcs,,560
27.02.2025,SIGMA,-,Bottom Panel Black,pcs,,317
27.02.2025,SIGMA,-,I/O BUTTON BLACK TP,pcs,,660
27.02.2025,SIGMA,-,One Blade P-Cap,pcs,,489
27.02.2025,SIGMA,-,Panel Holder,pcs,,600
27.02.2025,SIGMA,-,Thining Comb,pcs,,560
28.02.2025,SIGMA,-,Bottom Panel Black,pcs,,317
28.02.2025,SIGMA,-,I/O BUTTON BLACK TP,pcs,,660
28.02.2025,SIGMA,-,One Blade P-Cap,pcs,,489
28.02.2025,SIGMA,-,Panel Holder,pcs,,0
28.02.2025,SIGMA,-,Thining Comb,pcs,,0
01.03.2025,SIGMA,-,Bottom Panel Black,pcs,,300
01.03.2025,SIGMA,-,I/O BUTTON BLACK TP,pcs,,610
01.03.2025,SIGMA,-,One Blade P-Cap,pcs,,455
01.03.2025,SIGMA,-,Panel Holder,pcs,,630
01.03.2025,SIGMA,-,Thining Comb,pcs,,595
02.03.2025,SIGMA,-,Bottom Panel Black,pcs,,300
02.03.2025,SIGMA,-,I/O BUTTON BLACK TP,pcs,,610
02.03.2025,SIGMA,-,One Blade P-Cap,pcs,,455
02.03.2025,SIGMA,-,Panel Holder,pcs,,630
02.03.2025,SIGMA,-,Thining Comb,pcs,,595
03.03.2025,SIGMA,-,Bottom Panel Black,pcs,,300
03.03.2025,SIGMA,-,I/O BUTTON BLACK TP,pcs,,610
03.03.2025,SIGMA,-,One Blade P-Cap,pcs,,455
03.03.2025,SIGMA,-,Panel Holder,pcs,,630
03.03.2025,SIGMA,-,Thining Comb,pcs,,595
04.03.2025,SIGMA,-,Bottom Panel Black,pcs,,300
04.03.2025,SIGMA,-,I/O BUTTON BLACK TP,pcs,,610
04.03.2025,SIGMA,-,One Blade P-Cap,pcs,,455
04.03.2025,SIGMA,-,Panel Holder,pcs,,630
04.03.2025,SIGMA,-,Thining Comb,pcs,,595
05.03.2025,SIGMA,-,Bottom Panel Black,pcs,,300
05.03.2025,SIGMA,-,I/O BUTTON BLACK TP,pcs,,610
05.03.2025,SIGMA,-,One Blade P-Cap,pcs,,455
05.03.2025,SIGMA,-,Panel Holder,pcs,,0
05.03.2025,SIGMA,-,Thining Comb,pcs,,0
06.03.2025,SIGMA,-,Bottom Panel Black,pcs,,300
06.03.2025,SIGMA,-,I/O BUTTON BLACK TP,pcs,,610
06.03.2025,SIGMA,-,One Blade P-Cap,pcs,,455
06.03.2025,SIGMA,-,Panel Holder,pcs,,0
06.03.2025,SIGMA,-,Thining Comb,pcs,,0
07.03.2025,SIGMA,-,Bottom Panel Black,pcs,,300
07.03.2025,SIGMA,-,I/O BUTTON BLACK TP,pcs,,610
07.03.2025,SIGMA,-,One Blade P-Cap,pcs,,455
07.03.2025,SIGMA,-,Panel Holder,pcs,,630
07.03.2025,SIGMA,-,Thining Comb,pcs,,595
08.03.2025,SIGMA,-,Bottom Panel Black,pcs,,300
08.03.2025,SIGMA,-,I/O BUTTON BLACK TP,pcs,,610
08.03.2025,SIGMA,-,One Blade P-Cap,pcs,,455
08.03.2025,SIGMA,-,Panel Holder,pcs,,630
08.03.2025,SIGMA,-,Thining Comb,pcs,,595
09.03.2025,SIGMA,-,Bottom Panel Black,pcs,,300
09.03.2025,SIGMA,-,I/O BUTTON BLACK TP,pcs,,610
09.03.2025,SIGMA,-,One Blade P-Cap,pcs,,455
09.03.2025,SIGMA,-,Panel Holder,pcs,,630
09.03.2025,SIGMA,-,Thining Comb,pcs,,595
10.03.2025,SIGMA,-,Bottom Panel Black,pcs,,300
10.03.2025,SIGMA,-,I/O BUTTON BLACK TP,pcs,,610
10.03.2025,SIGMA,-,One Blade P-Cap,pcs,,455
10.03.2025,SIGMA,-,Panel Holder,pcs,,630
10.03.2025,SIGMA,-,Thining Comb,pcs,,595
11.03.2025,SIGMA,-,Bottom Panel Black,pcs,,300
11.03.2025,SIGMA,-,I/O BUTTON BLACK TP,pcs,,610
11.03.2025,SIGMA,-,One Blade P-Cap,pcs,,455
11.03.2025,SIGMA,-,Panel Holder,pcs,,630
11.03.2025,SIGMA,-,Thining Comb,pcs,,595
12.03.2025,SIGMA,-,Bottom Panel Black,pcs,,300
12.03.2025,SIGMA,-,I/O BUTTON BLACK TP,pcs,,610
12.03.2025,SIGMA,-,One Blade P-Cap,pcs,,455
12.03.2025,SIGMA,-,Panel Holder,pcs,,0
12.03.2025,SIGMA,-,Thining Comb,pcs,,0
13.03.2025,SIGMA,-,Bottom Panel Black,pcs,,300
13.03.2025,SIGMA,-,I/O BUTTON BLACK TP,pcs,,610
13.03.2025,SIGMA,-,One Blade P-Cap,pcs,,455
13.03.2025,SIGMA,-,Panel Holder,pcs,,0
13.03.2025,SIGMA,-,Thining Comb,pcs,,0
14.03.2025,SIGMA,-,Bottom Panel Black,pcs,,300
14.03.2025,SIGMA,-,I/O BUTTON BLACK TP,pcs,,610
14.03.2025,SIGMA,-,One Blade P-Cap,pcs,,455
14.03.2025,SIGMA,-,Panel Holder,pcs,,630
14.03.2025,SIGMA,-,Thining Comb,pcs,,595
15.03.2025,SIGMA,-,Bottom Panel Black,pcs,,300
15.03.2025,SIGMA,-,I/O BUTTON BLACK TP,pcs,,610
15.03.2025,SIGMA,-,One Blade P-Cap,pcs,,455
15.03.2025,SIGMA,-,Panel Holder,pcs,,630
15.03.2025,SIGMA,-,Thining Comb,pcs,,595
16.03.2025,SIGMA,-,Bottom Panel Black,pcs,,300
16.03.2025,SIGMA,-,I/O BUTTON BLACK TP,pcs,,610
16.03.2025,SIGMA,-,One Blade P-Cap,pcs,,455
16.03.2025,SIGMA,-,Panel Holder,pcs,,630
16.03.2025,SIGMA,-,Thining Comb,pcs,,595
17.03.2025,SIGMA,-,Bottom Panel Black,pcs,,300
17.03.2025,SIGMA,-,I/O BUTTON BLACK TP,pcs,,610
17.03.2025,SIGMA,-,One Blade P-Cap,pcs,,455
17.03.2025,SIGMA,-,Panel Holder,pcs,,630
17.03.2025,SIGMA,-,Thining Comb,pcs,,595
18.03.2025,SIGMA,-,Bottom Panel Black,pcs,,300
18.03.2025,SIGMA,-,I/O BUTTON BLACK TP,pcs,,610
18.03.2025,SIGMA,-,One Blade P-Cap,pcs,,455
18.03.2025,SIGMA,-,Panel Holder,pcs,,630
18.03.2025,SIGMA,-,Thining Comb,pcs,,595
19.03.2025,SIGMA,-,Bottom Panel Black,pcs,,300
19.03.2025,SIGMA,-,I/O BUTTON BLACK TP,pcs,,610
19.03.2025,SIGMA,-,One Blade P-Cap,pcs,,455
19.03.2025,SIGMA,-,Panel Holder,pcs,,0
19.03.2025,SIGMA,-,Thining Comb,pcs,,0
20.03.2025,SIGMA,-,Bottom Panel Black,pcs,,300
20.03.2025,SIGMA,-,I/O BUTTON BLACK TP,pcs,,610
20.03.2025,SIGMA,-,One Blade P-Cap,pcs,,455
20.03.2025,SIGMA,-,Panel Holder,pcs,,0
20.03.2025,SIGMA,-,Thining Comb,pcs,,0
21.03.2025,SIGMA,-,Bottom Panel Black,pcs,,300
21.03.2025,SIGMA,-,I/O BUTTON BLACK TP,pcs,,610
21.03.2025,SIGMA,-,One Blade P-Cap,pcs,,455
21.03.2025,SIGMA,-,Panel Holder,pcs,,630
21.03.2025,SIGMA,-,Thining Comb,pcs,,595
22.03.2025,SIGMA,-,Bottom Panel Black,pcs,,300
22.03.2025,SIGMA,-,I/O BUTTON BLACK TP,pcs,,609
22.03.2025,SIGMA,-,One Blade P-Cap,pcs,,455
22.03.2025,SIGMA,-,Panel Holder,pcs,,630
22.03.2025,SIGMA,-,Thining Comb,pcs,,595
23.03.2025,SIGMA,-,Bottom Panel Black,pcs,,300
23.03.2025,SIGMA,-,I/O BUTTON BLACK TP,pcs,,609
23.03.2025,SIGMA,-,One Blade P-Cap,pcs,,455
23.03.2025,SIGMA,-,Panel Holder,pcs,,630
23.03.2025,SIGMA,-,Thining Comb,pcs,,595
24.03.2025,SIGMA,-,Bottom Panel Black,pcs,,300
24.03.2025,SIGMA,-,I/O BUTTON BLACK TP,pcs,,609
24.03.2025,SIGMA,-,One Blade P-Cap,pcs,,455
24.03.2025,SIGMA,-,Panel Holder,pcs,,630
24.03.2025,SIGMA,-,Thining Comb,pcs,,595
25.03.2025,SIGMA,-,Bottom Panel Black,pcs,,300
25.03.2025,SIGMA,-,I/O BUTTON BLACK TP,pcs,,609
25.03.2025,SIGMA,-,One Blade P-Cap,pcs,,455
25.03.2025,SIGMA,-,Panel Holder,pcs,,630
25.03.2025,SIGMA,-,Thining Comb,pcs,,595
26.03.2025,SIGMA,-,Bottom Panel Black,pcs,,300
26.03.2025,SIGMA,-,I/O BUTTON BLACK TP,pcs,,609
26.03.2025,SIGMA,-,One Blade P-Cap,pcs,,455
26.03.2025,SIGMA,-,Panel Holder,pcs,,0
26.03.2025,SIGMA,-,Thining Comb,pcs,,0
27.03.2025,SIGMA,-,Bottom Panel Black,pcs,,300
27.03.2025,SIGMA,-,I/O BUTTON BLACK TP,pcs,,609
27.03.2025,SIGMA,-,One Blade P-Cap,pcs,,454
27.03.2025,SIGMA,-,Panel Holder,pcs,,0
27.03.2025,SIGMA,-,Thining Comb,pcs,,0
28.03.2025,SIGMA,-,Bottom Panel Black,pcs,,300
28.03.2025,SIGMA,-,I/O BUTTON BLACK TP,pcs,,609
28.03.2025,SIGMA,-,One Blade P-Cap,pcs,,454
28.03.2025,SIGMA,-,Panel Holder,pcs,,630
28.03.2025,SIGMA,-,Thining Comb,pcs,,595
29.03.2025,SIGMA,-,Bottom Panel Black,pcs,,300
29.03.2025,SIGMA,-,I/O BUTTON BLACK TP,pcs,,609
29.03.2025,SIGMA,-,One Blade P-Cap,pcs,,454
29.03.2025,SIGMA,-,Panel Holder,pcs,,630
29.03.2025,SIGMA,-,Thining Comb,pcs,,595
30.03.2025,SIGMA,-,Bottom Panel Black,pcs,,300
30.03.2025,SIGMA,-,I/O BUTTON BLACK TP,pcs,,609
30.03.2025,SIGMA,-,One Blade P-Cap,pcs,,454
30.03.2025,SIGMA,-,Panel Holder,pcs,,630
30.03.2025,SIGMA,-,Thining Comb,pcs,,595
31.03.2025,SIGMA,-,Bottom Panel Black,pcs,,300
31.03.2025,SIGMA,-,I/O BUTTON BLACK TP,pcs,,609
31.03.2025,SIGMA,-,One Blade P-Cap,pcs,,454
31.03.2025,SIGMA,-,Panel Holder,pcs,,630
31.03.2025,SIGMA,-,Thining Comb,pcs,,595
01.04.2025,SIGMA,-,Bottom Panel Black,pcs,,324
01.04.2025,SIGMA,-,I/O BUTTON BLACK TP,pcs,,644
01.04.2025,SIGMA,-,One Blade P-Cap,pcs,,484
01.04.2025,SIGMA,-,Panel Holder,pcs,,660
01.04.2025,SIGMA,-,Thining Comb,pcs,,785
02.04.2025,SIGMA,-,Bottom Panel Black,pcs,,324
02.04.2025,SIGMA,-,I/O BUTTON BLACK TP,pcs,,644
02.04.2025,SIGMA,-,One Blade P-Cap,pcs,,484
02.04.2025,SIGMA,-,Panel Holder,pcs,,0
02.04.2025,SIGMA,-,Thining Comb,pcs,,0
03.04.2025,SIGMA,-,Bottom Panel Black,pcs,,324
03.04.2025,SIGMA,-,I/O BUTTON BLACK TP,pcs,,644
03.04.2025,SIGMA,-,One Blade P-Cap,pcs,,484
03.04.2025,SIGMA,-,Panel Holder,pcs,,0
03.04.2025,SIGMA,-,Thining Comb,pcs,,0
04.04.2025,SIGMA,-,Bottom Panel Black,pcs,,324
04.04.2025,SIGMA,-,I/O BUTTON BLACK TP,pcs,,644
04.04.2025,SIGMA,-,One Blade P-Cap,pcs,,484
04.04.2025,SIGMA,-,Panel Holder,pcs,,660
04.04.2025,SIGMA,-,Thining Comb,pcs,,630
05.04.2025,SIGMA,-,Bottom Panel Black,pcs,,324
05.04.2025,SIGMA,-,I/O BUTTON BLACK TP,pcs,,644
05.04.2025,SIGMA,-,One Blade P-Cap,pcs,,484
05.04.2025,SIGMA,-,Panel Holder,pcs,,660
05.04.2025,SIGMA,-,Thining Comb,pcs,,630
06.04.2025,SIGMA,-,Bottom Panel Black,pcs,,324
06.04.2025,SIGMA,-,I/O BUTTON BLACK TP,pcs,,644
06.04.2025,SIGMA,-,One Blade P-Cap,pcs,,484
06.04.2025,SIGMA,-,Panel Holder,pcs,,660
06.04.2025,SIGMA,-,Thining Comb,pcs,,630
07.04.2025,SIGMA,-,Bottom Panel Black,pcs,,324
07.04.2025,SIGMA,-,I/O BUTTON BLACK TP,pcs,,644
07.04.2025,SIGMA,-,One Blade P-Cap,pcs,,484
07.04.2025,SIGMA,-,Panel Holder,pcs,,660
07.04.2025,SIGMA,-,Thining Comb,pcs,,630
08.04.2025,SIGMA,-,Bottom Panel Black,pcs,,324
08.04.2025,SIGMA,-,I/O BUTTON BLACK TP,pcs,,644
08.04.2025,SIGMA,-,One Blade P-Cap,pcs,,484
08.04.2025,SIGMA,-,Panel Holder,pcs,,660
08.04.2025,SIGMA,-,Thining Comb,pcs,,630
09.04.2025,SIGMA,-,Bottom Panel Black,pcs,,324
09.04.2025,SIGMA,-,I/O BUTTON BLACK TP,pcs,,644
09.04.2025,SIGMA,-,One Blade P-Cap,pcs,,484
09.04.2025,SIGMA,-,Panel Holder,pcs,,0
09.04.2025,SIGMA,-,Thining Comb,pcs,,0
10.04.2025,SIGMA,-,Bottom Panel Black,pcs,,324
10.04.2025,SIGMA,-,I/O BUTTON BLACK TP,pcs,,644
10.04.2025,SIGMA,-,One Blade P-Cap,pcs,,484
10.04.2025,SIGMA,-,Panel Holder,pcs,,0
10.04.2025,SIGMA,-,Thining Comb,pcs,,0
11.04.2025,SIGMA,-,Bottom Panel Black,pcs,,323
11.04.2025,SIGMA,-,I/O BUTTON BLACK TP,pcs,,643
11.04.2025,SIGMA,-,One Blade P-Cap,pcs,,483
11.04.2025,SIGMA,-,Panel Holder,pcs,,660
11.04.2025,SIGMA,-,Thining Comb,pcs,,630
12.04.2025,SIGMA,-,Bottom Panel Black,pcs,,323
12.04.2025,SIGMA,-,I/O BUTTON BLACK TP,pcs,,643
12.04.2025,SIGMA,-,One Blade P-Cap,pcs,,483
12.04.2025,SIGMA,-,Panel Holder,pcs,,660
12.04.2025,SIGMA,-,Thining Comb,pcs,,630
13.04.2025,SIGMA,-,Bottom Panel Black,pcs,,323
13.04.2025,SIGMA,-,I/O BUTTON BLACK TP,pcs,,643
13.04.2025,SIGMA,-,One Blade P-Cap,pcs,,483
13.04.2025,SIGMA,-,Panel Holder,pcs,,660
13.04.2025,SIGMA,-,Thining Comb,pcs,,630
14.04.2025,SIGMA,-,Bottom Panel Black,pcs,,323
14.04.2025,SIGMA,-,I/O BUTTON BLACK TP,pcs,,643
14.04.2025,SIGMA,-,One Blade P-Cap,pcs,,483
14.04.2025,SIGMA,-,Panel Holder,pcs,,660
14.04.2025,SIGMA,-,Thining Comb,pcs,,630
15.04.2025,SIGMA,-,Bottom Panel Black,pcs,,323
15.04.2025,SIGMA,-,I/O BUTTON BLACK TP,pcs,,643
15.04.2025,SIGMA,-,One Blade P-Cap,pcs,,483
15.04.2025,SIGMA,-,Panel Holder,pcs,,660
15.04.2025,SIGMA,-,Thining Comb,pcs,,630
16.04.2025,SIGMA,-,Bottom Panel Black,pcs,,323
16.04.2025,SIGMA,-,I/O BUTTON BLACK TP,pcs,,643
16.04.2025,SIGMA,-,One Blade P-Cap,pcs,,483
16.04.2025,SIGMA,-,Panel Holder,pcs,,0
16.04.2025,SIGMA,-,Thining Comb,pcs,,0
17.04.2025,SIGMA,-,Bottom Panel Black,pcs,,323
17.04.2025,SIGMA,-,I/O BUTTON BLACK TP,pcs,,643
17.04.2025,SIGMA,-,One Blade P-Cap,pcs,,483
17.04.2025,SIGMA,-,Panel Holder,pcs,,0
17.04.2025,SIGMA,-,Thining Comb,pcs,,0
18.04.2025,SIGMA,-,Bottom Panel Black,pcs,,323
18.04.2025,SIGMA,-,I/O BUTTON BLACK TP,pcs,,643
18.04.2025,SIGMA,-,One Blade P-Cap,pcs,,483
18.04.2025,SIGMA,-,Panel Holder,pcs,,660
18.04.2025,SIGMA,-,Thining Comb,pcs,,630
19.04.2025,SIGMA,-,Bottom Panel Black,pcs,,323
19.04.2025,SIGMA,-,I/O BUTTON BLACK TP,pcs,,643
19.04.2025,SIGMA,-,One Blade P-Cap,pcs,,483
19.04.2025,SIGMA,-,Panel Holder,pcs,,660
19.04.2025,SIGMA,-,Thining Comb,pcs,,630
20.04.2025,SIGMA,-,Bottom Panel Black,pcs,,323
20.04.2025,SIGMA,-,I/O BUTTON BLACK TP,pcs,,643
20.04.2025,SIGMA,-,One Blade P-Cap,pcs,,483
20.04.2025,SIGMA,-,Panel Holder,pcs,,660
20.04.2025,SIGMA,-,Thining Comb,pcs,,630
21.04.2025,SIGMA,-,Bottom Panel Black,pcs,,323
21.04.2025,SIGMA,-,I/O BUTTON BLACK TP,pcs,,643
21.04.2025,SIGMA,-,One Blade P-Cap,pcs,,483
21.04.2025,SIGMA,-,Panel Holder,pcs,,660
21.04.2025,SIGMA,-,Thining Comb,pcs,,630
22.04.2025,SIGMA,-,Bottom Panel Black,pcs,,323
22.04.2025,SIGMA,-,I/O BUTTON BLACK TP,pcs,,643
22.04.2025,SIGMA,-,One Blade P-Cap,pcs,,483
22.04.2025,SIGMA,-,Panel Holder,pcs,,660
22.04.2025,SIGMA,-,Thining Comb,pcs,,630
23.04.2025,SIGMA,-,Bottom Panel Black,pcs,,323
23.04.2025,SIGMA,-,I/O BUTTON BLACK TP,pcs,,643
23.04.2025,SIGMA,-,One Blade P-Cap,pcs,,483
23.04.2025,SIGMA,-,Panel Holder,pcs,,0
23.04.2025,SIGMA,-,Thining Comb,pcs,,0
24.04.2025,SIGMA,-,Bottom Panel Black,pcs,,323
24.04.2025,SIGMA,-,I/O BUTTON BLACK TP,pcs,,643
24.04.2025,SIGMA,-,One Blade P-Cap,pcs,,483
24.04.2025,SIGMA,-,Panel Holder,pcs,,0
24.04.2025,SIGMA,-,Thining Comb,pcs,,0
25.04.2025,SIGMA,-,Bottom Panel Black,pcs,,323
25.04.2025,SIGMA,-,I/O BUTTON BLACK TP,pcs,,643
25.04.2025,SIGMA,-,One Blade P-Cap,pcs,,483
25.04.2025,SIGMA,-,Panel Holder,pcs,,660
25.04.2025,SIGMA,-,Thining Comb,pcs,,630
26.04.2025,SIGMA,-,Bottom Panel Black,pcs,,323
26.04.2025,SIGMA,-,I/O BUTTON BLACK TP,pcs,,643
26.04.2025,SIGMA,-,One Blade P-Cap,pcs,,483
26.04.2025,SIGMA,-,Panel Holder,pcs,,660
26.04.2025,SIGMA,-,Thining Comb,pcs,,630
27.04.2025,SIGMA,-,Bottom Panel Black,pcs,,323
27.04.2025,SIGMA,-,I/O BUTTON BLACK TP,pcs,,643
27.04.2025,SIGMA,-,One Blade P-Cap,pcs,,483
27.04.2025,SIGMA,-,Panel Holder,pcs,,660
27.04.2025,SIGMA,-,Thining Comb,pcs,,630
28.04.2025,SIGMA,-,Bottom Panel Black,pcs,,323
28.04.2025,SIGMA,-,I/O BUTTON BLACK TP,pcs,,643
28.04.2025,SIGMA,-,One Blade P-Cap,pcs,,483
28.04.2025,SIGMA,-,Panel Holder,pcs,,660
28.04.2025,SIGMA,-,Thining Comb,pcs,,630
29.04.2025,SIGMA,-,Bottom Panel Black,pcs,,323
29.04.2025,SIGMA,-,I/O BUTTON BLACK TP,pcs,,643
29.04.2025,SIGMA,-,One Blade P-Cap,pcs,,483
29.04.2025,SIGMA,-,Panel Holder,pcs,,660
29.04.2025,SIGMA,-,Thining Comb,pcs,,630
30.04.2025,SIGMA,-,Bottom Panel Black,pcs,,323
30.04.2025,SIGMA,-,I/O BUTTON BLACK TP,pcs,,643
30.04.2025,SIGMA,-,One Blade P-Cap,pcs,,483
30.04.2025,SIGMA,-,Panel Holder,pcs,,0
30.04.2025,SIGMA,-,Thining Comb,pcs,,0
01.05.2025,SIGMA,-,Bottom Panel Black,pcs,,326
01.05.2025,SIGMA,-,I/O BUTTON BLACK TP,pcs,,636
01.05.2025,SIGMA,-,One Blade P-Cap,pcs,,481
01.05.2025,SIGMA,-,Panel Holder,pcs,,1070
01.05.2025,SIGMA,-,Thining Comb,pcs,,670
02.05.2025,SIGMA,-,Bottom Panel Black,pcs,,326
02.05.2025,SIGMA,-,I/O BUTTON BLACK TP,pcs,,636
02.05.2025,SIGMA,-,One Blade P-Cap,pcs,,481
02.05.2025,SIGMA,-,Panel Holder,pcs,,535
02.05.2025,SIGMA,-,Thining Comb,pcs,,670
03.05.2025,SIGMA,-,Bottom Panel Black,pcs,,326
03.05.2025,SIGMA,-,I/O BUTTON BLACK TP,pcs,,636
03.05.2025,SIGMA,-,One Blade P-Cap,pcs,,481
03.05.2025,SIGMA,-,Panel Holder,pcs,,0
03.05.2025,SIGMA,-,Thining Comb,pcs,,0
04.05.2025,SIGMA,-,Bottom Panel Black,pcs,,326
04.05.2025,SIGMA,-,I/O BUTTON BLACK TP,pcs,,636
04.05.2025,SIGMA,-,One Blade P-Cap,pcs,,481
04.05.2025,SIGMA,-,Panel Holder,pcs,,0
04.05.2025,SIGMA,-,Thining Comb,pcs,,0
05.05.2025,SIGMA,-,Bottom Panel Black,pcs,,326
05.05.2025,SIGMA,-,I/O BUTTON BLACK TP,pcs,,636
05.05.2025,SIGMA,-,One Blade P-Cap,pcs,,481
05.05.2025,SIGMA,-,Panel Holder,pcs,,535
05.05.2025,SIGMA,-,Thining Comb,pcs,,670
06.05.2025,SIGMA,-,Bottom Panel Black,pcs,,326
06.05.2025,SIGMA,-,I/O BUTTON BLACK TP,pcs,,636
06.05.2025,SIGMA,-,One Blade P-Cap,pcs,,481
06.05.2025,SIGMA,-,Panel Holder,pcs,,535
06.05.2025,SIGMA,-,Thining Comb,pcs,,670
07.05.2025,SIGMA,-,Bottom Panel Black,pcs,,326
07.05.2025,SIGMA,-,I/O BUTTON BLACK TP,pcs,,636
07.05.2025,SIGMA,-,One Blade P-Cap,pcs,,481
07.05.2025,SIGMA,-,Panel Holder,pcs,,535
07.05.2025,SIGMA,-,Thining Comb,pcs,,670
08.05.2025,SIGMA,-,Bottom Panel Black,pcs,,326
08.05.2025,SIGMA,-,I/O BUTTON BLACK TP,pcs,,636
08.05.2025,SIGMA,-,One Blade P-Cap,pcs,,481
08.05.2025,SIGMA,-,Panel Holder,pcs,,535
08.05.2025,SIGMA,-,Thining Comb,pcs,,670
09.05.2025,SIGMA,-,Bottom Panel Black,pcs,,326
09.05.2025,SIGMA,-,I/O BUTTON BLACK TP,pcs,,636
09.05.2025,SIGMA,-,One Blade P-Cap,pcs,,481
09.05.2025,SIGMA,-,Panel Holder,pcs,,1070
09.05.2025,SIGMA,-,Thining Comb,pcs,,670
10.05.2025,SIGMA,-,Bottom Panel Black,pcs,,326
10.05.2025,SIGMA,-,I/O BUTTON BLACK TP,pcs,,636
10.05.2025,SIGMA,-,One Blade P-Cap,pcs,,481
10.05.2025,SIGMA,-,Panel Holder,pcs,,0
10.05.2025,SIGMA,-,Thining Comb,pcs,,0
11.05.2025,SIGMA,-,Bottom Panel Black,pcs,,326
11.05.2025,SIGMA,-,I/O BUTTON BLACK TP,pcs,,636
11.05.2025,SIGMA,-,One Blade P-Cap,pcs,,481
11.05.2025,SIGMA,-,Panel Holder,pcs,,0
11.05.2025,SIGMA,-,Thining Comb,pcs,,0
12.05.2025,SIGMA,-,Bottom Panel Black,pcs,,326
12.05.2025,SIGMA,-,I/O BUTTON BLACK TP,pcs,,636
12.05.2025,SIGMA,-,One Blade P-Cap,pcs,,481
12.05.2025,SIGMA,-,Panel Holder,pcs,,534
12.05.2025,SIGMA,-,Thining Comb,pcs,,670
13.05.2025,SIGMA,-,Bottom Panel Black,pcs,,326
13.05.2025,SIGMA,-,I/O BUTTON BLACK TP,pcs,,636
13.05.2025,SIGMA,-,One Blade P-Cap,pcs,,481
13.05.2025,SIGMA,-,Panel Holder,pcs,,534
13.05.2025,SIGMA,-,Thining Comb,pcs,,670
14.05.2025,SIGMA,-,Bottom Panel Black,pcs,,326
14.05.2025,SIGMA,-,I/O BUTTON BLACK TP,pcs,,636
14.05.2025,SIGMA,-,One Blade P-Cap,pcs,,481
14.05.2025,SIGMA,-,Panel Holder,pcs,,534
14.05.2025,SIGMA,-,Thining Comb,pcs,,670
15.05.2025,SIGMA,-,Bottom Panel Black,pcs,,326
15.05.2025,SIGMA,-,I/O BUTTON BLACK TP,pcs,,636
15.05.2025,SIGMA,-,One Blade P-Cap,pcs,,481
15.05.2025,SIGMA,-,Panel Holder,pcs,,534
15.05.2025,SIGMA,-,Thining Comb,pcs,,670
16.05.2025,SIGMA,-,Bottom Panel Black,pcs,,326
16.05.2025,SIGMA,-,I/O BUTTON BLACK TP,pcs,,635
16.05.2025,SIGMA,-,One Blade P-Cap,pcs,,481
16.05.2025,SIGMA,-,Panel Holder,pcs,,534
16.05.2025,SIGMA,-,Thining Comb,pcs,,670
17.05.2025,SIGMA,-,Bottom Panel Black,pcs,,326
17.05.2025,SIGMA,-,I/O BUTTON BLACK TP,pcs,,635
17.05.2025,SIGMA,-,One Blade P-Cap,pcs,,481
17.05.2025,SIGMA,-,Panel Holder,pcs,,0
17.05.2025,SIGMA,-,Thining Comb,pcs,,0
18.05.2025,SIGMA,-,Bottom Panel Black,pcs,,326
18.05.2025,SIGMA,-,I/O BUTTON BLACK TP,pcs,,635
18.05.2025,SIGMA,-,One Blade P-Cap,pcs,,481
18.05.2025,SIGMA,-,Panel Holder,pcs,,0
18.05.2025,SIGMA,-,Thining Comb,pcs,,0
19.05.2025,SIGMA,-,Bottom Panel Black,pcs,,326
19.05.2025,SIGMA,-,I/O BUTTON BLACK TP,pcs,,635
19.05.2025,SIGMA,-,One Blade P-Cap,pcs,,481
19.05.2025,SIGMA,-,Panel Holder,pcs,,533
19.05.2025,SIGMA,-,Thining Comb,pcs,,670
20.05.2025,SIGMA,-,Bottom Panel Black,pcs,,326
20.05.2025,SIGMA,-,I/O BUTTON BLACK TP,pcs,,635
20.05.2025,SIGMA,-,One Blade P-Cap,pcs,,481
20.05.2025,SIGMA,-,Panel Holder,pcs,,1070
20.05.2025,SIGMA,-,Thining Comb,pcs,,670
21.05.2025,SIGMA,-,Bottom Panel Black,pcs,,326
21.05.2025,SIGMA,-,I/O BUTTON BLACK TP,pcs,,635
21.05.2025,SIGMA,-,One Blade P-Cap,pcs,,480
21.05.2025,SIGMA,-,Panel Holder,pcs,,534
21.05.2025,SIGMA,-,Thining Comb,pcs,,670
22.05.2025,SIGMA,-,Bottom Panel Black,pcs,,326
22.05.2025,SIGMA,-,I/O BUTTON BLACK TP,pcs,,635
22.05.2025,SIGMA,-,One Blade P-Cap,pcs,,480
22.05.2025,SIGMA,-,Panel Holder,pcs,,534
22.05.2025,SIGMA,-,Thining Comb,pcs,,670
23.05.2025,SIGMA,-,Bottom Panel Black,pcs,,326
23.05.2025,SIGMA,-,I/O BUTTON BLACK TP,pcs,,635
23.05.2025,SIGMA,-,One Blade P-Cap,pcs,,480
23.05.2025,SIGMA,-,Panel Holder,pcs,,534
23.05.2025,SIGMA,-,Thining Comb,pcs,,670
24.05.2025,SIGMA,-,Bottom Panel Black,pcs,,326
24.05.2025,SIGMA,-,I/O BUTTON BLACK TP,pcs,,635
24.05.2025,SIGMA,-,One Blade P-Cap,pcs,,480
24.05.2025,SIGMA,-,Panel Holder,pcs,,0
24.05.2025,SIGMA,-,Thining Comb,pcs,,0
25.05.2025,SIGMA,-,Bottom Panel Black,pcs,,326
25.05.2025,SIGMA,-,I/O BUTTON BLACK TP,pcs,,635
25.05.2025,SIGMA,-,One Blade P-Cap,pcs,,480
25.05.2025,SIGMA,-,Panel Holder,pcs,,0
25.05.2025,SIGMA,-,Thining Comb,pcs,,0
26.05.2025,SIGMA,-,Bottom Panel Black,pcs,,325
26.05.2025,SIGMA,-,I/O BUTTON BLACK TP,pcs,,635
26.05.2025,SIGMA,-,One Blade P-Cap,pcs,,480
26.05.2025,SIGMA,-,Panel Holder,pcs,,534
26.05.2025,SIGMA,-,Thining Comb,pcs,,670
27.05.2025,SIGMA,-,Bottom Panel Black,pcs,,325
27.05.2025,SIGMA,-,I/O BUTTON BLACK TP,pcs,,635
27.05.2025,SIGMA,-,One Blade P-Cap,pcs,,480
27.05.2025,SIGMA,-,Panel Holder,pcs,,534
27.05.2025,SIGMA,-,Thining Comb,pcs,,670
28.05.2025,SIGMA,-,Bottom Panel Black,pcs,,325
28.05.2025,SIGMA,-,I/O BUTTON BLACK TP,pcs,,635
28.05.2025,SIGMA,-,One Blade P-Cap,pcs,,480
28.05.2025,SIGMA,-,Panel Holder,pcs,,534
28.05.2025,SIGMA,-,Thining Comb,pcs,,670
29.05.2025,SIGMA,-,Bottom Panel Black,pcs,,325
29.05.2025,SIGMA,-,I/O BUTTON BLACK TP,pcs,,635
29.05.2025,SIGMA,-,One Blade P-Cap,pcs,,480
29.05.2025,SIGMA,-,Panel Holder,pcs,,534
29.05.2025,SIGMA,-,Thining Comb,pcs,,670
30.05.2025,SIGMA,-,Bottom Panel Black,pcs,,325
30.05.2025,SIGMA,-,I/O BUTTON BLACK TP,pcs,,635
30.05.2025,SIGMA,-,One Blade P-Cap,pcs,,480
30.05.2025,SIGMA,-,Panel Holder,pcs,,534
30.05.2025,SIGMA,-,Thining Comb,pcs,,670
31.05.2025,SIGMA,-,Bottom Panel Black,pcs,,325
31.05.2025,SIGMA,-,I/O BUTTON BLACK TP,pcs,,635
31.05.2025,SIGMA,-,One Blade P-Cap,pcs,,480
31.05.2025,SIGMA,-,Panel Holder,pcs,,0
31.05.2025,SIGMA,-,Thining Comb,pcs,,0
01.06.2025,SIGMA,-,Bottom Panel Black,pcs,,350
01.06.2025,SIGMA,-,I/O BUTTON BLACK TP,pcs,,670
01.06.2025,SIGMA,-,One Blade P-Cap,pcs,,510
01.06.2025,SIGMA,-,Panel Holder,pcs,,0
01.06.2025,SIGMA,-,Thining Comb,pcs,,0
02.06.2025,SIGMA,-,Bottom Panel Black,pcs,,350
02.06.2025,SIGMA,-,I/O BUTTON BLACK TP,pcs,,670
02.06.2025,SIGMA,-,One Blade P-Cap,pcs,,510
02.06.2025,SIGMA,-,Panel Holder,pcs,,505
02.06.2025,SIGMA,-,Thining Comb,pcs,,705
03.06.2025,SIGMA,-,Bottom Panel Black,pcs,,350
03.06.2025,SIGMA,-,I/O BUTTON BLACK TP,pcs,,670
03.06.2025,SIGMA,-,One Blade P-Cap,pcs,,510
03.06.2025,SIGMA,-,Panel Holder,pcs,,504
03.06.2025,SIGMA,-,Thining Comb,pcs,,705
04.06.2025,SIGMA,-,Bottom Panel Black,pcs,,350
04.06.2025,SIGMA,-,I/O BUTTON BLACK TP,pcs,,670
04.06.2025,SIGMA,-,One Blade P-Cap,pcs,,510
04.06.2025,SIGMA,-,Panel Holder,pcs,,504
04.06.2025,SIGMA,-,Thining Comb,pcs,,705
05.06.2025,SIGMA,-,Bottom Panel Black,pcs,,350
05.06.2025,SIGMA,-,I/O BUTTON BLACK TP,pcs,,670
05.06.2025,SIGMA,-,One Blade P-Cap,pcs,,510
05.06.2025,SIGMA,-,Panel Holder,pcs,,504
05.06.2025,SIGMA,-,Thining Comb,pcs,,705
06.06.2025,SIGMA,-,Bottom Panel Black,pcs,,350
06.06.2025,SIGMA,-,I/O BUTTON BLACK TP,pcs,,670
06.06.2025,SIGMA,-,One Blade P-Cap,pcs,,510
06.06.2025,SIGMA,-,Panel Holder,pcs,,504
06.06.2025,SIGMA,-,Thining Comb,pcs,,705
07.06.2025,SIGMA,-,Bottom Panel Black,pcs,,350
07.06.2025,SIGMA,-,I/O BUTTON BLACK TP,pcs,,670
07.06.2025,SIGMA,-,One Blade P-Cap,pcs,,510
07.06.2025,SIGMA,-,Panel Holder,pcs,,0
07.06.2025,SIGMA,-,Thining Comb,pcs,,0
08.06.2025,SIGMA,-,Bottom Panel Black,pcs,,350
08.06.2025,SIGMA,-,I/O BUTTON BLACK TP,pcs,,670
08.06.2025,SIGMA,-,One Blade P-Cap,pcs,,510
08.06.2025,SIGMA,-,Panel Holder,pcs,,0
08.06.2025,SIGMA,-,Thining Comb,pcs,,0
09.06.2025,SIGMA,-,Bottom Panel Black,pcs,,350
09.06.2025,SIGMA,-,I/O BUTTON BLACK TP,pcs,,670
09.06.2025,SIGMA,-,One Blade P-Cap,pcs,,510
09.06.2025,SIGMA,-,Panel Holder,pcs,,504
09.06.2025,SIGMA,-,Thining Comb,pcs,,705
10.06.2025,SIGMA,-,Bottom Panel Black,pcs,,350
10.06.2025,SIGMA,-,I/O BUTTON BLACK TP,pcs,,670
10.06.2025,SIGMA,-,One Blade P-Cap,pcs,,510
10.06.2025,SIGMA,-,Panel Holder,pcs,,504
10.06.2025,SIGMA,-,Thining Comb,pcs,,705
11.06.2025,SIGMA,-,Bottom Panel Black,pcs,,350
11.06.2025,SIGMA,-,I/O BUTTON BLACK TP,pcs,,670
11.06.2025,SIGMA,-,One Blade P-Cap,pcs,,510
11.06.2025,SIGMA,-,Panel Holder,pcs,,504
11.06.2025,SIGMA,-,Thining Comb,pcs,,705
12.06.2025,SIGMA,-,Bottom Panel Black,pcs,,350
12.06.2025,SIGMA,-,I/O BUTTON BLACK TP,pcs,,670
12.06.2025,SIGMA,-,One Blade P-Cap,pcs,,510
12.06.2025,SIGMA,-,Panel Holder,pcs,,504
12.06.2025,SIGMA,-,Thining Comb,pcs,,705
13.06.2025,SIGMA,-,Bottom Panel Black,pcs,,350
13.06.2025,SIGMA,-,I/O BUTTON BLACK TP,pcs,,670
13.06.2025,SIGMA,-,One Blade P-Cap,pcs,,510
13.06.2025,SIGMA,-,Panel Holder,pcs,,504
13.06.2025,SIGMA,-,Thining Comb,pcs,,705
14.06.2025,SIGMA,-,Bottom Panel Black,pcs,,350
14.06.2025,SIGMA,-,I/O BUTTON BLACK TP,pcs,,670
14.06.2025,SIGMA,-,One Blade P-Cap,pcs,,510
14.06.2025,SIGMA,-,Panel Holder,pcs,,0
14.06.2025,SIGMA,-,Thining Comb,pcs,,0
15.06.2025,SIGMA,-,Bottom Panel Black,pcs,,350
15.06.2025,SIGMA,-,I/O BUTTON BLACK TP,pcs,,670
15.06.2025,SIGMA,-,One Blade P-Cap,pcs,,510
15.06.2025,SIGMA,-,Panel Holder,pcs,,0
15.06.2025,SIGMA,-,Thining Comb,pcs,,0
16.06.2025,SIGMA,-,Bottom Panel Black,pcs,,350
16.06.2025,SIGMA,-,I/O BUTTON BLACK TP,pcs,,670
16.06.2025,SIGMA,-,One Blade P-Cap,pcs,,510
16.06.2025,SIGMA,-,Panel Holder,pcs,,504
16.06.2025,SIGMA,-,Thining Comb,pcs,,705
17.06.2025,SIGMA,-,Bottom Panel Black,pcs,,350
17.06.2025,SIGMA,-,I/O BUTTON BLACK TP,pcs,,670
17.06.2025,SIGMA,-,One Blade P-Cap,pcs,,510
17.06.2025,SIGMA,-,Panel Holder,pcs,,504
17.06.2025,SIGMA,-,Thining Comb,pcs,,705
18.06.2025,SIGMA,-,Bottom Panel Black,pcs,,350
18.06.2025,SIGMA,-,I/O BUTTON BLACK TP,pcs,,670
18.06.2025,SIGMA,-,One Blade P-Cap,pcs,,510
18.06.2025,SIGMA,-,Panel Holder,pcs,,504
18.06.2025,SIGMA,-,Thining Comb,pcs,,705
19.06.2025,SIGMA,-,Bottom Panel Black,pcs,,350
19.06.2025,SIGMA,-,I/O BUTTON BLACK TP,pcs,,670
19.06.2025,SIGMA,-,One Blade P-Cap,pcs,,510
19.06.2025,SIGMA,-,Panel Holder,pcs,,504
19.06.2025,SIGMA,-,Thining Comb,pcs,,705
20.06.2025,SIGMA,-,Bottom Panel Black,pcs,,350
20.06.2025,SIGMA,-,I/O BUTTON BLACK TP,pcs,,670
20.06.2025,SIGMA,-,One Blade P-Cap,pcs,,510
20.06.2025,SIGMA,-,Panel Holder,pcs,,504
20.06.2025,SIGMA,-,Thining Comb,pcs,,705
21.06.2025,SIGMA,-,Bottom Panel Black,pcs,,350
21.06.2025,SIGMA,-,I/O BUTTON BLACK TP,pcs,,670
21.06.2025,SIGMA,-,One Blade P-Cap,pcs,,510
21.06.2025,SIGMA,-,Panel Holder,pcs,,0
21.06.2025,SIGMA,-,Thining Comb,pcs,,0
22.06.2025,SIGMA,-,Bottom Panel Black,pcs,,350
22.06.2025,SIGMA,-,I/O BUTTON BLACK TP,pcs,,670
22.06.2025,SIGMA,-,One Blade P-Cap,pcs,,510
22.06.2025,SIGMA,-,Panel Holder,pcs,,0
22.06.2025,SIGMA,-,Thining Comb,pcs,,0
23.06.2025,SIGMA,-,Bottom Panel Black,pcs,,350
23.06.2025,SIGMA,-,I/O BUTTON BLACK TP,pcs,,670
23.06.2025,SIGMA,-,One Blade P-Cap,pcs,,510
23.06.2025,SIGMA,-,Panel Holder,pcs,,504
23.06.2025,SIGMA,-,Thining Comb,pcs,,705
24.06.2025,SIGMA,-,Bottom Panel Black,pcs,,350
24.06.2025,SIGMA,-,I/O BUTTON BLACK TP,pcs,,670
24.06.2025,SIGMA,-,One Blade P-Cap,pcs,,510
24.06.2025,SIGMA,-,Panel Holder,pcs,,504
24.06.2025,SIGMA,-,Thining Comb,pcs,,705
25.06.2025,SIGMA,-,Bottom Panel Black,pcs,,350
25.06.2025,SIGMA,-,I/O BUTTON BLACK TP,pcs,,670
25.06.2025,SIGMA,-,One Blade P-Cap,pcs,,510
25.06.2025,SIGMA,-,Panel Holder,pcs,,504
25.06.2025,SIGMA,-,Thining Comb,pcs,,705
26.06.2025,SIGMA,-,Bottom Panel Black,pcs,,350
26.06.2025,SIGMA,-,I/O BUTTON BLACK TP,pcs,,670
26.06.2025,SIGMA,-,One Blade P-Cap,pcs,,510
26.06.2025,SIGMA,-,Panel Holder,pcs,,504
26.06.2025,SIGMA,-,Thining Comb,pcs,,705
27.06.2025,SIGMA,-,Bottom Panel Black,pcs,,350
27.06.2025,SIGMA,-,I/O BUTTON BLACK TP,pcs,,670
27.06.2025,SIGMA,-,One Blade P-Cap,pcs,,510
27.06.2025,SIGMA,-,Panel Holder,pcs,,504
27.06.2025,SIGMA,-,Thining Comb,pcs,,705
28.06.2025,SIGMA,-,Bottom Panel Black,pcs,,350
28.06.2025,SIGMA,-,I/O BUTTON BLACK TP,pcs,,670
28.06.2025,SIGMA,-,One Blade P-Cap,pcs,,510
28.06.2025,SIGMA,-,Panel Holder,pcs,,0
28.06.2025,SIGMA,-,Thining Comb,pcs,,0
29.06.2025,SIGMA,-,Bottom Panel Black,pcs,,350
29.06.2025,SIGMA,-,I/O BUTTON BLACK TP,pcs,,670
29.06.2025,SIGMA,-,One Blade P-Cap,pcs,,510
29.06.2025,SIGMA,-,Panel Holder,pcs,,0
29.06.2025,SIGMA,-,Thining Comb,pcs,,0
30.06.2025,SIGMA,-,Bottom Panel Black,pcs,,350
30.06.2025,SIGMA,-,I/O BUTTON BLACK TP,pcs,,670
30.06.2025,SIGMA,-,One Blade P-Cap,pcs,,510
30.06.2025,SIGMA,-,Panel Holder,pcs,,504
30.06.2025,SIGMA,-,Thining Comb,pcs,,705
01.07.2025,SIGMA,-,Bottom Panel Black,pcs,,352
01.07.2025,SIGMA,-,I/O BUTTON BLACK TP,pcs,,662
01.07.2025,SIGMA,-,One Blade P-Cap,pcs,,507
01.07.2025,SIGMA,-,Panel Holder,pcs,,603
01.07.2025,SIGMA,-,Thining Comb,pcs,,745
02.07.2025,SIGMA,-,Bottom Panel Black,pcs,,352
02.07.2025,SIGMA,-,I/O BUTTON BLACK TP,pcs,,662
02.07.2025,SIGMA,-,One Blade P-Cap,pcs,,507
02.07.2025,SIGMA,-,Panel Holder,pcs,,603
02.07.2025,SIGMA,-,Thining Comb,pcs,,745
03.07.2025,SIGMA,-,Bottom Panel Black,pcs,,352
03.07.2025,SIGMA,-,I/O BUTTON BLACK TP,pcs,,662
03.07.2025,SIGMA,-,One Blade P-Cap,pcs,,507
03.07.2025,SIGMA,-,Panel Holder,pcs,,603
03.07.2025,SIGMA,-,Thining Comb,pcs,,745
04.07.2025,SIGMA,-,Bottom Panel Black,pcs,,352
04.07.2025,SIGMA,-,I/O BUTTON BLACK TP,pcs,,662
04.07.2025,SIGMA,-,One Blade P-Cap,pcs,,507
04.07.2025,SIGMA,-,Panel Holder,pcs,,603
04.07.2025,SIGMA,-,Thining Comb,pcs,,745
05.07.2025,SIGMA,-,Bottom Panel Black,pcs,,352
05.07.2025,SIGMA,-,I/O BUTTON BLACK TP,pcs,,662
05.07.2025,SIGMA,-,One Blade P-Cap,pcs,,507
05.07.2025,SIGMA,-,Panel Holder,pcs,,0
05.07.2025,SIGMA,-,Thining Comb,pcs,,0
06.07.2025,SIGMA,-,Bottom Panel Black,pcs,,352
06.07.2025,SIGMA,-,I/O BUTTON BLACK TP,pcs,,662
06.07.2025,SIGMA,-,One Blade P-Cap,pcs,,507
06.07.2025,SIGMA,-,Panel Holder,pcs,,0
06.07.2025,SIGMA,-,Thining Comb,pcs,,0
07.07.2025,SIGMA,-,Bottom Panel Black,pcs,,352
07.07.2025,SIGMA,-,I/O BUTTON BLACK TP,pcs,,662
07.07.2025,SIGMA,-,One Blade P-Cap,pcs,,507
07.07.2025,SIGMA,-,Panel Holder,pcs,,603
07.07.2025,SIGMA,-,Thining Comb,pcs,,745
08.07.2025,SIGMA,-,Bottom Panel Black,pcs,,352
08.07.2025,SIGMA,-,I/O BUTTON BLACK TP,pcs,,662
08.07.2025,SIGMA,-,One Blade P-Cap,pcs,,507
08.07.2025,SIGMA,-,Panel Holder,pcs,,603
08.07.2025,SIGMA,-,Thining Comb,pcs,,745
09.07.2025,SIGMA,-,Bottom Panel Black,pcs,,352
09.07.2025,SIGMA,-,I/O BUTTON BLACK TP,pcs,,662
09.07.2025,SIGMA,-,One Blade P-Cap,pcs,,507
09.07.2025,SIGMA,-,Panel Holder,pcs,,602
09.07.2025,SIGMA,-,Thining Comb,pcs,,745
10.07.2025,SIGMA,-,Bottom Panel Black,pcs,,352
10.07.2025,SIGMA,-,I/O BUTTON BLACK TP,pcs,,661
10.07.2025,SIGMA,-,One Blade P-Cap,pcs,,507
10.07.2025,SIGMA,-,Panel Holder,pcs,,602
10.07.2025,SIGMA,-,Thining Comb,pcs,,745
11.07.2025,SIGMA,-,Bottom Panel Black,pcs,,352
11.07.2025,SIGMA,-,I/O BUTTON BLACK TP,pcs,,661
11.07.2025,SIGMA,-,One Blade P-Cap,pcs,,507
11.07.2025,SIGMA,-,Panel Holder,pcs,,602
11.07.2025,SIGMA,-,Thining Comb,pcs,,745
12.07.2025,SIGMA,-,Bottom Panel Black,pcs,,352
12.07.2025,SIGMA,-,I/O BUTTON BLACK TP,pcs,,661
12.07.2025,SIGMA,-,One Blade P-Cap,pcs,,507
12.07.2025,SIGMA,-,Panel Holder,pcs,,0
12.07.2025,SIGMA,-,Thining Comb,pcs,,0
13.07.2025,SIGMA,-,Bottom Panel Black,pcs,,352
13.07.2025,SIGMA,-,I/O BUTTON BLACK TP,pcs,,661
13.07.2025,SIGMA,-,One Blade P-Cap,pcs,,507
13.07.2025,SIGMA,-,Panel Holder,pcs,,0
13.07.2025,SIGMA,-,Thining Comb,pcs,,0
14.07.2025,SIGMA,-,Bottom Panel Black,pcs,,352
14.07.2025,SIGMA,-,I/O BUTTON BLACK TP,pcs,,661
14.07.2025,SIGMA,-,One Blade P-Cap,pcs,,507
14.07.2025,SIGMA,-,Panel Holder,pcs,,602
14.07.2025,SIGMA,-,Thining Comb,pcs,,745
15.07.2025,SIGMA,-,Bottom Panel Black,pcs,,352
15.07.2025,SIGMA,-,I/O BUTTON BLACK TP,pcs,,661
15.07.2025,SIGMA,-,One Blade P-Cap,pcs,,506
15.07.2025,SIGMA,-,Panel Holder,pcs,,602
15.07.2025,SIGMA,-,Thining Comb,pcs,,745
16.07.2025,SIGMA,-,Bottom Panel Black,pcs,,352
16.07.2025,SIGMA,-,I/O BUTTON BLACK TP,pcs,,661
16.07.2025,SIGMA,-,One Blade P-Cap,pcs,,506
16.07.2025,SIGMA,-,Panel Holder,pcs,,602
16.07.2025,SIGMA,-,Thining Comb,pcs,,745
17.07.2025,SIGMA,-,Bottom Panel Black,pcs,,352
17.07.2025,SIGMA,-,I/O BUTTON BLACK TP,pcs,,661
17.07.2025,SIGMA,-,One Blade P-Cap,pcs,,506
17.07.2025,SIGMA,-,Panel Holder,pcs,,602
17.07.2025,SIGMA,-,Thining Comb,pcs,,745
18.07.2025,SIGMA,-,Bottom Panel Black,pcs,,352
18.07.2025,SIGMA,-,I/O BUTTON BLACK TP,pcs,,661
18.07.2025,SIGMA,-,One Blade P-Cap,pcs,,506
18.07.2025,SIGMA,-,Panel Holder,pcs,,602
18.07.2025,SIGMA,-,Thining Comb,pcs,,745
19.07.2025,SIGMA,-,Bottom Panel Black,pcs,,352
19.07.2025,SIGMA,-,I/O BUTTON BLACK TP,pcs,,661
19.07.2025,SIGMA,-,One Blade P-Cap,pcs,,506
19.07.2025,SIGMA,-,Panel Holder,pcs,,0
19.07.2025,SIGMA,-,Thining Comb,pcs,,0
20.07.2025,SIGMA,-,Bottom Panel Black,pcs,,351
20.07.2025,SIGMA,-,I/O BUTTON BLACK TP,pcs,,661
20.07.2025,SIGMA,-,One Blade P-Cap,pcs,,506
20.07.2025,SIGMA,-,Panel Holder,pcs,,0
20.07.2025,SIGMA,-,Thining Comb,pcs,,0
21.07.2025,SIGMA,-,Bottom Panel Black,pcs,,351
21.07.2025,SIGMA,-,I/O BUTTON BLACK TP,pcs,,661
21.07.2025,SIGMA,-,One Blade P-Cap,pcs,,506
21.07.2025,SIGMA,-,Panel Holder,pcs,,602
21.07.2025,SIGMA,-,Thining Comb,pcs,,745
22.07.2025,SIGMA,-,Bottom Panel Black,pcs,,351
22.07.2025,SIGMA,-,I/O BUTTON BLACK TP,pcs,,661
22.07.2025,SIGMA,-,One Blade P-Cap,pcs,,506
22.07.2025,SIGMA,-,Panel Holder,pcs,,602
22.07.2025,SIGMA,-,Thining Comb,pcs,,745
23.07.2025,SIGMA,-,Bottom Panel Black,pcs,,351
23.07.2025,SIGMA,-,I/O BUTTON BLACK TP,pcs,,661
23.07.2025,SIGMA,-,One Blade P-Cap,pcs,,506
23.07.2025,SIGMA,-,Panel Holder,pcs,,602
23.07.2025,SIGMA,-,Thining Comb,pcs,,745
24.07.2025,SIGMA,-,Bottom Panel Black,pcs,,351
24.07.2025,SIGMA,-,I/O BUTTON BLACK TP,pcs,,661
24.07.2025,SIGMA,-,One Blade P-Cap,pcs,,506
24.07.2025,SIGMA,-,Panel Holder,pcs,,602
24.07.2025,SIGMA,-,Thining Comb,pcs,,745
25.07.2025,SIGMA,-,Bottom Panel Black,pcs,,351
25.07.2025,SIGMA,-,I/O BUTTON BLACK TP,pcs,,661
25.07.2025,SIGMA,-,One Blade P-Cap,pcs,,506
25.07.2025,SIGMA,-,Panel Holder,pcs,,602
25.07.2025,SIGMA,-,Thining Comb,pcs,,745
26.07.2025,SIGMA,-,Bottom Panel Black,pcs,,351
26.07.2025,SIGMA,-,I/O BUTTON BLACK TP,pcs,,661
26.07.2025,SIGMA,-,One Blade P-Cap,pcs,,506
26.07.2025,SIGMA,-,Panel Holder,pcs,,0
26.07.2025,SIGMA,-,Thining Comb,pcs,,0
27.07.2025,SIGMA,-,Bottom Panel Black,pcs,,351
27.07.2025,SIGMA,-,I/O BUTTON BLACK TP,pcs,,661
27.07.2025,SIGMA,-,One Blade P-Cap,pcs,,506
27.07.2025,SIGMA,-,Panel Holder,pcs,,0
27.07.2025,SIGMA,-,Thining Comb,pcs,,0
28.07.2025,SIGMA,-,Bottom Panel Black,pcs,,351
28.07.2025,SIGMA,-,I/O BUTTON BLACK TP,pcs,,661
28.07.2025,SIGMA,-,One Blade P-Cap,pcs,,506
28.07.2025,SIGMA,-,Panel Holder,pcs,,602
28.07.2025,SIGMA,-,Thining Comb,pcs,,745
29.07.2025,SIGMA,-,Bottom Panel Black,pcs,,351
29.07.2025,SIGMA,-,I/O BUTTON BLACK TP,pcs,,661
29.07.2025,SIGMA,-,One Blade P-Cap,pcs,,506
29.07.2025,SIGMA,-,Panel Holder,pcs,,604
29.07.2025,SIGMA,-,Thining Comb,pcs,,745
30.07.2025,SIGMA,-,Bottom Panel Black,pcs,,351
30.07.2025,SIGMA,-,I/O BUTTON BLACK TP,pcs,,661
30.07.2025,SIGMA,-,One Blade P-Cap,pcs,,506
30.07.2025,SIGMA,-,Panel Holder,pcs,,602
30.07.2025,SIGMA,-,Thining Comb,pcs,,745
31.07.2025,SIGMA,-,Bottom Panel Black,pcs,,351
31.07.2025,SIGMA,-,I/O BUTTON BLACK TP,pcs,,661
31.07.2025,SIGMA,-,One Blade P-Cap,pcs,,506
31.07.2025,SIGMA,-,Panel Holder,pcs,,602
31.07.2025,SIGMA,-,Thining Comb,pcs,,745
01.08.2025,SIGMA,-,Bottom Panel Black,pcs,,365
01.08.2025,SIGMA,-,I/O BUTTON BLACK TP,pcs,,675
01.08.2025,SIGMA,-,One Blade P-Cap,pcs,,520
01.08.2025,SIGMA,-,Panel Holder,pcs,,797
01.08.2025,SIGMA,-,Thining Comb,pcs,,785
02.08.2025,SIGMA,-,Bottom Panel Black,pcs,,365
02.08.2025,SIGMA,-,I/O BUTTON BLACK TP,pcs,,675
02.08.2025,SIGMA,-,One Blade P-Cap,pcs,,520
02.08.2025,SIGMA,-,Panel Holder,pcs,,0
02.08.2025,SIGMA,-,Thining Comb,pcs,,0
03.08.2025,SIGMA,-,Bottom Panel Black,pcs,,365
03.08.2025,SIGMA,-,I/O BUTTON BLACK TP,pcs,,675
03.08.2025,SIGMA,-,One Blade P-Cap,pcs,,520
03.08.2025,SIGMA,-,Panel Holder,pcs,,0
03.08.2025,SIGMA,-,Thining Comb,pcs,,0
04.08.2025,SIGMA,-,Bottom Panel Black,pcs,,365
04.08.2025,SIGMA,-,I/O BUTTON BLACK TP,pcs,,675
04.08.2025,SIGMA,-,One Blade P-Cap,pcs,,520
04.08.2025,SIGMA,-,Panel Holder,pcs,,797
04.08.2025,SIGMA,-,Thining Comb,pcs,,785
05.08.2025,SIGMA,-,Bottom Panel Black,pcs,,365
05.08.2025,SIGMA,-,I/O BUTTON BLACK TP,pcs,,675
05.08.2025,SIGMA,-,One Blade P-Cap,pcs,,520
05.08.2025,SIGMA,-,Panel Holder,pcs,,797
05.08.2025,SIGMA,-,Thining Comb,pcs,,785
06.08.2025,SIGMA,-,Bottom Panel Black,pcs,,365
06.08.2025,SIGMA,-,I/O BUTTON BLACK TP,pcs,,675
06.08.2025,SIGMA,-,One Blade P-Cap,pcs,,520
06.08.2025,SIGMA,-,Panel Holder,pcs,,797
06.08.2025,SIGMA,-,Thining Comb,pcs,,785
07.08.2025,SIGMA,-,Bottom Panel Black,pcs,,365
07.08.2025,SIGMA,-,I/O BUTTON BLACK TP,pcs,,674
07.08.2025,SIGMA,-,One Blade P-Cap,pcs,,520
07.08.2025,SIGMA,-,Panel Holder,pcs,,797
07.08.2025,SIGMA,-,Thining Comb,pcs,,785
08.08.2025,SIGMA,-,Bottom Panel Black,pcs,,365
08.08.2025,SIGMA,-,I/O BUTTON BLACK TP,pcs,,674
08.08.2025,SIGMA,-,One Blade P-Cap,pcs,,520
08.08.2025,SIGMA,-,Panel Holder,pcs,,797
08.08.2025,SIGMA,-,Thining Comb,pcs,,785
09.08.2025,SIGMA,-,Bottom Panel Black,pcs,,365
09.08.2025,SIGMA,-,I/O BUTTON BLACK TP,pcs,,674
09.08.2025,SIGMA,-,One Blade P-Cap,pcs,,520
09.08.2025,SIGMA,-,Panel Holder,pcs,,0
09.08.2025,SIGMA,-,Thining Comb,pcs,,0
10.08.2025,SIGMA,-,Bottom Panel Black,pcs,,365
10.08.2025,SIGMA,-,I/O BUTTON BLACK TP,pcs,,674
10.08.2025,SIGMA,-,One Blade P-Cap,pcs,,520
10.08.2025,SIGMA,-,Panel Holder,pcs,,0
10.08.2025,SIGMA,-,Thining Comb,pcs,,0
11.08.2025,SIGMA,-,Bottom Panel Black,pcs,,365
11.08.2025,SIGMA,-,I/O BUTTON BLACK TP,pcs,,674
11.08.2025,SIGMA,-,One Blade P-Cap,pcs,,520
11.08.2025,SIGMA,-,Panel Holder,pcs,,797
11.08.2025,SIGMA,-,Thining Comb,pcs,,785
12.08.2025,SIGMA,-,Bottom Panel Black,pcs,,365
12.08.2025,SIGMA,-,I/O BUTTON BLACK TP,pcs,,674
12.08.2025,SIGMA,-,One Blade P-Cap,pcs,,519
12.08.2025,SIGMA,-,Panel Holder,pcs,,797
12.08.2025,SIGMA,-,Thining Comb,pcs,,785
13.08.2025,SIGMA,-,Bottom Panel Black,pcs,,365
13.08.2025,SIGMA,-,I/O BUTTON BLACK TP,pcs,,674
13.08.2025,SIGMA,-,One Blade P-Cap,pcs,,519
13.08.2025,SIGMA,-,Panel Holder,pcs,,797
13.08.2025,SIGMA,-,Thining Comb,pcs,,785
14.08.2025,SIGMA,-,Bottom Panel Black,pcs,,365
14.08.2025,SIGMA,-,I/O BUTTON BLACK TP,pcs,,674
14.08.2025,SIGMA,-,One Blade P-Cap,pcs,,519
14.08.2025,SIGMA,-,Panel Holder,pcs,,797
14.08.2025,SIGMA,-,Thining Comb,pcs,,785
15.08.2025,SIGMA,-,Bottom Panel Black,pcs,,365
15.08.2025,SIGMA,-,I/O BUTTON BLACK TP,pcs,,674
15.08.2025,SIGMA,-,One Blade P-Cap,pcs,,519
15.08.2025,SIGMA,-,Panel Holder,pcs,,797
15.08.2025,SIGMA,-,Thining Comb,pcs,,785
16.08.2025,SIGMA,-,Bottom Panel Black,pcs,,365
16.08.2025,SIGMA,-,I/O BUTTON BLACK TP,pcs,,674
16.08.2025,SIGMA,-,One Blade P-Cap,pcs,,519
16.08.2025,SIGMA,-,Panel Holder,pcs,,0
16.08.2025,SIGMA,-,Thining Comb,pcs,,0
17.08.2025,SIGMA,-,Bottom Panel Black,pcs,,364
17.08.2025,SIGMA,-,I/O BUTTON BLACK TP,pcs,,674
17.08.2025,SIGMA,-,One Blade P-Cap,pcs,,519
17.08.2025,SIGMA,-,Panel Holder,pcs,,0
17.08.2025,SIGMA,-,Thining Comb,pcs,,0
18.08.2025,SIGMA,-,Bottom Panel Black,pcs,,364
18.08.2025,SIGMA,-,I/O BUTTON BLACK TP,pcs,,674
18.08.2025,SIGMA,-,One Blade P-Cap,pcs,,519
18.08.2025,SIGMA,-,Panel Holder,pcs,,797
18.08.2025,SIGMA,-,Thining Comb,pcs,,785
19.08.2025,SIGMA,-,Bottom Panel Black,pcs,,364
19.08.2025,SIGMA,-,I/O BUTTON BLACK TP,pcs,,674
19.08.2025,SIGMA,-,One Blade P-Cap,pcs,,519
19.08.2025,SIGMA,-,Panel Holder,pcs,,797
19.08.2025,SIGMA,-,Thining Comb,pcs,,785
20.08.2025,SIGMA,-,Bottom Panel Black,pcs,,364
20.08.2025,SIGMA,-,I/O BUTTON BLACK TP,pcs,,674
20.08.2025,SIGMA,-,One Blade P-Cap,pcs,,519
20.08.2025,SIGMA,-,Panel Holder,pcs,,796
20.08.2025,SIGMA,-,Thining Comb,pcs,,785
21.08.2025,SIGMA,-,Bottom Panel Black,pcs,,364
21.08.2025,SIGMA,-,I/O BUTTON BLACK TP,pcs,,674
21.08.2025,SIGMA,-,One Blade P-Cap,pcs,,519
21.08.2025,SIGMA,-,Panel Holder,pcs,,796
21.08.2025,SIGMA,-,Thining Comb,pcs,,785
22.08.2025,SIGMA,-,Bottom Panel Black,pcs,,364
22.08.2025,SIGMA,-,I/O BUTTON BLACK TP,pcs,,674
22.08.2025,SIGMA,-,One Blade P-Cap,pcs,,519
22.08.2025,SIGMA,-,Panel Holder,pcs,,796
22.08.2025,SIGMA,-,Thining Comb,pcs,,785
23.08.2025,SIGMA,-,Bottom Panel Black,pcs,,364
23.08.2025,SIGMA,-,I/O BUTTON BLACK TP,pcs,,674
23.08.2025,SIGMA,-,One Blade P-Cap,pcs,,519
23.08.2025,SIGMA,-,Panel Holder,pcs,,0
23.08.2025,SIGMA,-,Thining Comb,pcs,,0
24.08.2025,SIGMA,-,Bottom Panel Black,pcs,,364
24.08.2025,SIGMA,-,I/O BUTTON BLACK TP,pcs,,674
24.08.2025,SIGMA,-,One Blade P-Cap,pcs,,519
24.08.2025,SIGMA,-,Panel Holder,pcs,,0
24.08.2025,SIGMA,-,Thining Comb,pcs,,0
25.08.2025,SIGMA,-,Bottom Panel Black,pcs,,364
25.08.2025,SIGMA,-,I/O BUTTON BLACK TP,pcs,,674
25.08.2025,SIGMA,-,One Blade P-Cap,pcs,,519
25.08.2025,SIGMA,-,Panel Holder,pcs,,796
25.08.2025,SIGMA,-,Thining Comb,pcs,,785
26.08.2025,SIGMA,-,Bottom Panel Black,pcs,,364
26.08.2025,SIGMA,-,I/O BUTTON BLACK TP,pcs,,674
26.08.2025,SIGMA,-,One Blade P-Cap,pcs,,519
26.08.2025,SIGMA,-,Panel Holder,pcs,,796
26.08.2025,SIGMA,-,Thining Comb,pcs,,785
27.08.2025,SIGMA,-,Bottom Panel Black,pcs,,364
27.08.2025,SIGMA,-,I/O BUTTON BLACK TP,pcs,,674
27.08.2025,SIGMA,-,One Blade P-Cap,pcs,,519
27.08.2025,SIGMA,-,Panel Holder,pcs,,796
27.08.2025,SIGMA,-,Thining Comb,pcs,,785
28.08.2025,SIGMA,-,Bottom Panel Black,pcs,,364
28.08.2025,SIGMA,-,I/O BUTTON BLACK TP,pcs,,674
28.08.2025,SIGMA,-,One Blade P-Cap,pcs,,519
28.08.2025,SIGMA,-,Panel Holder,pcs,,796
28.08.2025,SIGMA,-,Thining Comb,pcs,,785
29.08.2025,SIGMA,-,Bottom Panel Black,pcs,,364
29.08.2025,SIGMA,-,I/O BUTTON BLACK TP,pcs,,674
29.08.2025,SIGMA,-,One Blade P-Cap,pcs,,519
29.08.2025,SIGMA,-,Panel Holder,pcs,,796
29.08.2025,SIGMA,-,Thining Comb,pcs,,785
30.08.2025,SIGMA,-,Bottom Panel Black,pcs,,364
30.08.2025,SIGMA,-,I/O BUTTON BLACK TP,pcs,,674
30.08.2025,SIGMA,-,One Blade P-Cap,pcs,,519
30.08.2025,SIGMA,-,Panel Holder,pcs,,0
30.08.2025,SIGMA,-,Thining Comb,pcs,,0
31.08.2025,SIGMA,-,Bottom Panel Black,pcs,,364
31.08.2025,SIGMA,-,I/O BUTTON BLACK TP,pcs,,674
31.08.2025,SIGMA,-,One Blade P-Cap,pcs,,519
31.08.2025,SIGMA,-,Panel Holder,pcs,,0
31.08.2025,SIGMA,-,Thining Comb,pcs,,0
01.09.2025,SIGMA,-,Bottom Panel Black,pcs,,390
01.09.2025,SIGMA,-,I/O BUTTON BLACK TP,pcs,,710
01.09.2025,SIGMA,-,One Blade P-Cap,pcs,,550
01.09.2025,SIGMA,-,Panel Holder,pcs,,732
01.09.2025,SIGMA,-,Thining Comb,pcs,,820
02.09.2025,SIGMA,-,Bottom Panel Black,pcs,,390
02.09.2025,SIGMA,-,I/O BUTTON BLACK TP,pcs,,710
02.09.2025,SIGMA,-,One Blade P-Cap,pcs,,550
02.09.2025,SIGMA,-,Panel Holder,pcs,,731
02.09.2025,SIGMA,-,Thining Comb,pcs,,820
03.09.2025,SIGMA,-,Bottom Panel Black,pcs,,390
03.09.2025,SIGMA,-,I/O BUTTON BLACK TP,pcs,,710
03.09.2025,SIGMA,-,One Blade P-Cap,pcs,,550
03.09.2025,SIGMA,-,Panel Holder,pcs,,731
03.09.2025,SIGMA,-,Thining Comb,pcs,,820
04.09.2025,SIGMA,-,Bottom Panel Black,pcs,,390
04.09.2025,SIGMA,-,I/O BUTTON BLACK TP,pcs,,710
04.09.2025,SIGMA,-,One Blade P-Cap,pcs,,550
04.09.2025,SIGMA,-,Panel Holder,pcs,,731
04.09.2025,SIGMA,-,Thining Comb,pcs,,820
05.09.2025,SIGMA,-,Bottom Panel Black,pcs,,390
05.09.2025,SIGMA,-,I/O BUTTON BLACK TP,pcs,,710
05.09.2025,SIGMA,-,One Blade P-Cap,pcs,,550
05.09.2025,SIGMA,-,Panel Holder,pcs,,731
05.09.2025,SIGMA,-,Thining Comb,pcs,,820
06.09.2025,SIGMA,-,Bottom Panel Black,pcs,,390
06.09.2025,SIGMA,-,I/O BUTTON BLACK TP,pcs,,710
06.09.2025,SIGMA,-,One Blade P-Cap,pcs,,550
06.09.2025,SIGMA,-,Panel Holder,pcs,,0
06.09.2025,SIGMA,-,Thining Comb,pcs,,0
07.09.2025,SIGMA,-,Bottom Panel Black,pcs,,390
07.09.2025,SIGMA,-,I/O BUTTON BLACK TP,pcs,,710
07.09.2025,SIGMA,-,One Blade P-Cap,pcs,,550
07.09.2025,SIGMA,-,Panel Holder,pcs,,0
07.09.2025,SIGMA,-,Thining Comb,pcs,,0
08.09.2025,SIGMA,-,Bottom Panel Black,pcs,,390
08.09.2025,SIGMA,-,I/O BUTTON BLACK TP,pcs,,710
08.09.2025,SIGMA,-,One Blade P-Cap,pcs,,550
08.09.2025,SIGMA,-,Panel Holder,pcs,,731
08.09.2025,SIGMA,-,Thining Comb,pcs,,820
09.09.2025,SIGMA,-,Bottom Panel Black,pcs,,390
09.09.2025,SIGMA,-,I/O BUTTON BLACK TP,pcs,,710
09.09.2025,SIGMA,-,One Blade P-Cap,pcs,,550
09.09.2025,SIGMA,-,Panel Holder,pcs,,731
09.09.2025,SIGMA,-,Thining Comb,pcs,,820
10.09.2025,SIGMA,-,Bottom Panel Black,pcs,,390
10.09.2025,SIGMA,-,I/O BUTTON BLACK TP,pcs,,710
10.09.2025,SIGMA,-,One Blade P-Cap,pcs,,550
10.09.2025,SIGMA,-,Panel Holder,pcs,,731
10.09.2025,SIGMA,-,Thining Comb,pcs,,820
11.09.2025,SIGMA,-,Bottom Panel Black,pcs,,390
11.09.2025,SIGMA,-,I/O BUTTON BLACK TP,pcs,,710
11.09.2025,SIGMA,-,One Blade P-Cap,pcs,,550
11.09.2025,SIGMA,-,Panel Holder,pcs,,731
11.09.2025,SIGMA,-,Thining Comb,pcs,,820
12.09.2025,SIGMA,-,Bottom Panel Black,pcs,,390
12.09.2025,SIGMA,-,I/O BUTTON BLACK TP,pcs,,710
12.09.2025,SIGMA,-,One Blade P-Cap,pcs,,550
12.09.2025,SIGMA,-,Panel Holder,pcs,,731
12.09.2025,SIGMA,-,Thining Comb,pcs,,820
13.09.2025,SIGMA,-,Bottom Panel Black,pcs,,390
13.09.2025,SIGMA,-,I/O BUTTON BLACK TP,pcs,,710
13.09.2025,SIGMA,-,One Blade P-Cap,pcs,,550
13.09.2025,SIGMA,-,Panel Holder,pcs,,0
13.09.2025,SIGMA,-,Thining Comb,pcs,,0
14.09.2025,SIGMA,-,Bottom Panel Black,pcs,,390
14.09.2025,SIGMA,-,I/O BUTTON BLACK TP,pcs,,710
14.09.2025,SIGMA,-,One Blade P-Cap,pcs,,550
14.09.2025,SIGMA,-,Panel Holder,pcs,,0
14.09.2025,SIGMA,-,Thining Comb,pcs,,0
15.09.2025,SIGMA,-,Bottom Panel Black,pcs,,390
15.09.2025,SIGMA,-,I/O BUTTON BLACK TP,pcs,,710
15.09.2025,SIGMA,-,One Blade P-Cap,pcs,,550
15.09.2025,SIGMA,-,Panel Holder,pcs,,731
15.09.2025,SIGMA,-,Thining Comb,pcs,,820
16.09.2025,SIGMA,-,Bottom Panel Black,pcs,,390
16.09.2025,SIGMA,-,I/O BUTTON BLACK TP,pcs,,710
16.09.2025,SIGMA,-,One Blade P-Cap,pcs,,550
16.09.2025,SIGMA,-,Panel Holder,pcs,,731
16.09.2025,SIGMA,-,Thining Comb,pcs,,820
17.09.2025,SIGMA,-,Bottom Panel Black,pcs,,390
17.09.2025,SIGMA,-,I/O BUTTON BLACK TP,pcs,,710
17.09.2025,SIGMA,-,One Blade P-Cap,pcs,,550
17.09.2025,SIGMA,-,Panel Holder,pcs,,731
17.09.2025,SIGMA,-,Thining Comb,pcs,,820
18.09.2025,SIGMA,-,Bottom Panel Black,pcs,,390
18.09.2025,SIGMA,-,I/O BUTTON BLACK TP,pcs,,710
18.09.2025,SIGMA,-,One Blade P-Cap,pcs,,550
18.09.2025,SIGMA,-,Panel Holder,pcs,,731
18.09.2025,SIGMA,-,Thining Comb,pcs,,820
19.09.2025,SIGMA,-,Bottom Panel Black,pcs,,390
19.09.2025,SIGMA,-,I/O BUTTON BLACK TP,pcs,,710
19.09.2025,SIGMA,-,One Blade P-Cap,pcs,,550
19.09.2025,SIGMA,-,Panel Holder,pcs,,731
19.09.2025,SIGMA,-,Thining Comb,pcs,,820
20.09.2025,SIGMA,-,Bottom Panel Black,pcs,,390
20.09.2025,SIGMA,-,I/O BUTTON BLACK TP,pcs,,710
20.09.2025,SIGMA,-,One Blade P-Cap,pcs,,550
20.09.2025,SIGMA,-,Panel Holder,pcs,,0
20.09.2025,SIGMA,-,Thining Comb,pcs,,0
21.09.2025,SIGMA,-,Bottom Panel Black,pcs,,390
21.09.2025,SIGMA,-,I/O BUTTON BLACK TP,pcs,,710
21.09.2025,SIGMA,-,One Blade P-Cap,pcs,,550
21.09.2025,SIGMA,-,Panel Holder,pcs,,0
21.09.2025,SIGMA,-,Thining Comb,pcs,,0
22.09.2025,SIGMA,-,Bottom Panel Black,pcs,,390
22.09.2025,SIGMA,-,I/O BUTTON BLACK TP,pcs,,710
22.09.2025,SIGMA,-,One Blade P-Cap,pcs,,550
22.09.2025,SIGMA,-,Panel Holder,pcs,,731
22.09.2025,SIGMA,-,Thining Comb,pcs,,820
23.09.2025,SIGMA,-,Bottom Panel Black,pcs,,390
23.09.2025,SIGMA,-,I/O BUTTON BLACK TP,pcs,,710
23.09.2025,SIGMA,-,One Blade P-Cap,pcs,,550
23.09.2025,SIGMA,-,Panel Holder,pcs,,731
23.09.2025,SIGMA,-,Thining Comb,pcs,,820
24.09.2025,SIGMA,-,Bottom Panel Black,pcs,,390
24.09.2025,SIGMA,-,I/O BUTTON BLACK TP,pcs,,710
24.09.2025,SIGMA,-,One Blade P-Cap,pcs,,550
24.09.2025,SIGMA,-,Panel Holder,pcs,,731
24.09.2025,SIGMA,-,Thining Comb,pcs,,820
25.09.2025,SIGMA,-,Bottom Panel Black,pcs,,390
25.09.2025,SIGMA,-,I/O BUTTON BLACK TP,pcs,,710
25.09.2025,SIGMA,-,One Blade P-Cap,pcs,,550
25.09.2025,SIGMA,-,Panel Holder,pcs,,731
25.09.2025,SIGMA,-,Thining Comb,pcs,,820
26.09.2025,SIGMA,-,Bottom Panel Black,pcs,,390
26.09.2025,SIGMA,-,I/O BUTTON BLACK TP,pcs,,710
26.09.2025,SIGMA,-,One Blade P-Cap,pcs,,550
26.09.2025,SIGMA,-,Panel Holder,pcs,,731
26.09.2025,SIGMA,-,Thining Comb,pcs,,820
27.09.2025,SIGMA,-,Bottom Panel Black,pcs,,390
27.09.2025,SIGMA,-,I/O BUTTON BLACK TP,pcs,,710
27.09.2025,SIGMA,-,One Blade P-Cap,pcs,,550
27.09.2025,SIGMA,-,Panel Holder,pcs,,0
27.09.2025,SIGMA,-,Thining Comb,pcs,,0
28.09.2025,SIGMA,-,Bottom Panel Black,pcs,,390
28.09.2025,SIGMA,-,I/O BUTTON BLACK TP,pcs,,710
28.09.2025,SIGMA,-,One Blade P-Cap,pcs,,550
28.09.2025,SIGMA,-,Panel Holder,pcs,,0
28.09.2025,SIGMA,-,Thining Comb,pcs,,0
29.09.2025,SIGMA,-,Bottom Panel Black,pcs,,390
29.09.2025,SIGMA,-,I/O BUTTON BLACK TP,pcs,,710
29.09.2025,SIGMA,-,One Blade P-Cap,pcs,,550
29.09.2025,SIGMA,-,Panel Holder,pcs,,731
29.09.2025,SIGMA,-,Thining Comb,pcs,,820
30.09.2025,SIGMA,-,Bottom Panel Black,pcs,,390
30.09.2025,SIGMA,-,I/O BUTTON BLACK TP,pcs,,710
30.09.2025,SIGMA,-,One Blade P-Cap,pcs,,550
30.09.2025,SIGMA,-,Panel Holder,pcs,,731
30.09.2025,SIGMA,-,Thining Comb,pcs,,820
01.10.2025,SIGMA,-,Bottom Panel Black,pcs,,391
01.10.2025,SIGMA,-,I/O BUTTON BLACK TP,pcs,,700
01.10.2025,SIGMA,-,One Blade P-Cap,pcs,,546
01.10.2025,SIGMA,-,Panel Holder,pcs,,779
01.10.2025,SIGMA,-,Thining Comb,pcs,,855
02.10.2025,SIGMA,-,Bottom Panel Black,pcs,,391
02.10.2025,SIGMA,-,I/O BUTTON BLACK TP,pcs,,700
02.10.2025,SIGMA,-,One Blade P-Cap,pcs,,546
02.10.2025,SIGMA,-,Panel Holder,pcs,,779
02.10.2025,SIGMA,-,Thining Comb,pcs,,855
03.10.2025,SIGMA,-,Bottom Panel Black,pcs,,391
03.10.2025,SIGMA,-,I/O BUTTON BLACK TP,pcs,,700
03.10.2025,SIGMA,-,One Blade P-Cap,pcs,,546
03.10.2025,SIGMA,-,Panel Holder,pcs,,778
03.10.2025,SIGMA,-,Thining Comb,pcs,,855
04.10.2025,SIGMA,-,Bottom Panel Black,pcs,,391
04.10.2025,SIGMA,-,I/O BUTTON BLACK TP,pcs,,700
04.10.2025,SIGMA,-,One Blade P-Cap,pcs,,546
04.10.2025,SIGMA,-,Panel Holder,pcs,,0
04.10.2025,SIGMA,-,Thining Comb,pcs,,0
05.10.2025,SIGMA,-,Bottom Panel Black,pcs,,391
05.10.2025,SIGMA,-,I/O BUTTON BLACK TP,pcs,,700
05.10.2025,SIGMA,-,One Blade P-Cap,pcs,,546
05.10.2025,SIGMA,-,Panel Holder,pcs,,0
05.10.2025,SIGMA,-,Thining Comb,pcs,,0
06.10.2025,SIGMA,-,Bottom Panel Black,pcs,,391
06.10.2025,SIGMA,-,I/O BUTTON BLACK TP,pcs,,700
06.10.2025,SIGMA,-,One Blade P-Cap,pcs,,545
06.10.2025,SIGMA,-,Panel Holder,pcs,,778
06.10.2025,SIGMA,-,Thining Comb,pcs,,855
07.10.2025,SIGMA,-,Bottom Panel Black,pcs,,391
07.10.2025,SIGMA,-,I/O BUTTON BLACK TP,pcs,,700
07.10.2025,SIGMA,-,One Blade P-Cap,pcs,,545
07.10.2025,SIGMA,-,Panel Holder,pcs,,778
07.10.2025,SIGMA,-,Thining Comb,pcs,,855
08.10.2025,SIGMA,-,Bottom Panel Black,pcs,,391
08.10.2025,SIGMA,-,I/O BUTTON BLACK TP,pcs,,700
08.10.2025,SIGMA,-,One Blade P-Cap,pcs,,545
08.10.2025,SIGMA,-,Panel Holder,pcs,,778
08.10.2025,SIGMA,-,Thining Comb,pcs,,855
09.10.2025,SIGMA,-,Bottom Panel Black,pcs,,391
09.10.2025,SIGMA,-,I/O BUTTON BLACK TP,pcs,,700
09.10.2025,SIGMA,-,One Blade P-Cap,pcs,,545
09.10.2025,SIGMA,-,Panel Holder,pcs,,778
09.10.2025,SIGMA,-,Thining Comb,pcs,,855
10.10.2025,SIGMA,-,Bottom Panel Black,pcs,,391
10.10.2025,SIGMA,-,I/O BUTTON BLACK TP,pcs,,700
10.10.2025,SIGMA,-,One Blade P-Cap,pcs,,545
10.10.2025,SIGMA,-,Panel Holder,pcs,,778
10.10.2025,SIGMA,-,Thining Comb,pcs,,855
11.10.2025,SIGMA,-,Bottom Panel Black,pcs,,390
11.10.2025,SIGMA,-,I/O BUTTON BLACK TP,pcs,,700
11.10.2025,SIGMA,-,One Blade P-Cap,pcs,,545
11.10.2025,SIGMA,-,Panel Holder,pcs,,0
11.10.2025,SIGMA,-,Thining Comb,pcs,,0
12.10.2025,SIGMA,-,Bottom Panel Black,pcs,,390
12.10.2025,SIGMA,-,I/O BUTTON BLACK TP,pcs,,700
12.10.2025,SIGMA,-,One Blade P-Cap,pcs,,545
12.10.2025,SIGMA,-,Panel Holder,pcs,,0
12.10.2025,SIGMA,-,Thining Comb,pcs,,0
13.10.2025,SIGMA,-,Bottom Panel Black,pcs,,390
13.10.2025,SIGMA,-,I/O BUTTON BLACK TP,pcs,,700
13.10.2025,SIGMA,-,One Blade P-Cap,pcs,,545
13.10.2025,SIGMA,-,Panel Holder,pcs,,778
13.10.2025,SIGMA,-,Thining Comb,pcs,,855
14.10.2025,SIGMA,-,Bottom Panel Black,pcs,,390
14.10.2025,SIGMA,-,I/O BUTTON BLACK TP,pcs,,700
14.10.2025,SIGMA,-,One Blade P-Cap,pcs,,545
14.10.2025,SIGMA,-,Panel Holder,pcs,,778
14.10.2025,SIGMA,-,Thining Comb,pcs,,855
15.10.2025,SIGMA,-,Bottom Panel Black,pcs,,390
15.10.2025,SIGMA,-,I/O BUTTON BLACK TP,pcs,,700
15.10.2025,SIGMA,-,One Blade P-Cap,pcs,,545
15.10.2025,SIGMA,-,Panel Holder,pcs,,778
15.10.2025,SIGMA,-,Thining Comb,pcs,,855
16.10.2025,SIGMA,-,Bottom Panel Black,pcs,,390
16.10.2025,SIGMA,-,I/O BUTTON BLACK TP,pcs,,700
16.10.2025,SIGMA,-,One Blade P-Cap,pcs,,545
16.10.2025,SIGMA,-,Panel Holder,pcs,,778
16.10.2025,SIGMA,-,Thining Comb,pcs,,855
17.10.2025,SIGMA,-,Bottom Panel Black,pcs,,390
17.10.2025,SIGMA,-,I/O BUTTON BLACK TP,pcs,,700
17.10.2025,SIGMA,-,One Blade P-Cap,pcs,,545
17.10.2025,SIGMA,-,Panel Holder,pcs,,778
17.10.2025,SIGMA,-,Thining Comb,pcs,,855
18.10.2025,SIGMA,-,Bottom Panel Black,pcs,,390
18.10.2025,SIGMA,-,I/O BUTTON BLACK TP,pcs,,700
18.10.2025,SIGMA,-,One Blade P-Cap,pcs,,545
18.10.2025,SIGMA,-,Panel Holder,pcs,,0
18.10.2025,SIGMA,-,Thining Comb,pcs,,0
19.10.2025,SIGMA,-,Bottom Panel Black,pcs,,390
19.10.2025,SIGMA,-,I/O BUTTON BLACK TP,pcs,,700
19.10.2025,SIGMA,-,One Blade P-Cap,pcs,,545
19.10.2025,SIGMA,-,Panel Holder,pcs,,0
19.10.2025,SIGMA,-,Thining Comb,pcs,,0
20.10.2025,SIGMA,-,Bottom Panel Black,pcs,,390
20.10.2025,SIGMA,-,I/O BUTTON BLACK TP,pcs,,700
20.10.2025,SIGMA,-,One Blade P-Cap,pcs,,545
20.10.2025,SIGMA,-,Panel Holder,pcs,,778
20.10.2025,SIGMA,-,Thining Comb,pcs,,855
21.10.2025,SIGMA,-,Bottom Panel Black,pcs,,390
21.10.2025,SIGMA,-,I/O BUTTON BLACK TP,pcs,,700
21.10.2025,SIGMA,-,One Blade P-Cap,pcs,,545
21.10.2025,SIGMA,-,Panel Holder,pcs,,778
21.10.2025,SIGMA,-,Thining Comb,pcs,,855
22.10.2025,SIGMA,-,Bottom Panel Black,pcs,,390
22.10.2025,SIGMA,-,I/O BUTTON BLACK TP,pcs,,700
22.10.2025,SIGMA,-,One Blade P-Cap,pcs,,545
22.10.2025,SIGMA,-,Panel Holder,pcs,,778
22.10.2025,SIGMA,-,Thining Comb,pcs,,855
23.10.2025,SIGMA,-,Bottom Panel Black,pcs,,390
23.10.2025,SIGMA,-,I/O BUTTON BLACK TP,pcs,,700
23.10.2025,SIGMA,-,One Blade P-Cap,pcs,,545
23.10.2025,SIGMA,-,Panel Holder,pcs,,778
23.10.2025,SIGMA,-,Thining Comb,pcs,,855
24.10.2025,SIGMA,-,Bottom Panel Black,pcs,,390
24.10.2025,SIGMA,-,I/O BUTTON BLACK TP,pcs,,700
24.10.2025,SIGMA,-,One Blade P-Cap,pcs,,545
24.10.2025,SIGMA,-,Panel Holder,pcs,,778
24.10.2025,SIGMA,-,Thining Comb,pcs,,855
25.10.2025,SIGMA,-,Bottom Panel Black,pcs,,390
25.10.2025,SIGMA,-,I/O BUTTON BLACK TP,pcs,,700
25.10.2025,SIGMA,-,One Blade P-Cap,pcs,,545
25.10.2025,SIGMA,-,Panel Holder,pcs,,0
25.10.2025,SIGMA,-,Thining Comb,pcs,,0
26.10.2025,SIGMA,-,Bottom Panel Black,pcs,,390
26.10.2025,SIGMA,-,I/O BUTTON BLACK TP,pcs,,700
26.10.2025,SIGMA,-,One Blade P-Cap,pcs,,545
26.10.2025,SIGMA,-,Panel Holder,pcs,,0
26.10.2025,SIGMA,-,Thining Comb,pcs,,0
27.10.2025,SIGMA,-,Bottom Panel Black,pcs,,390
27.10.2025,SIGMA,-,I/O BUTTON BLACK TP,pcs,,700
27.10.2025,SIGMA,-,One Blade P-Cap,pcs,,545
27.10.2025,SIGMA,-,Panel Holder,pcs,,778
27.10.2025,SIGMA,-,Thining Comb,pcs,,855
28.10.2025,SIGMA,-,Bottom Panel Black,pcs,,390
28.10.2025,SIGMA,-,I/O BUTTON BLACK TP,pcs,,700
28.10.2025,SIGMA,-,One Blade P-Cap,pcs,,545
28.10.2025,SIGMA,-,Panel Holder,pcs,,778
28.10.2025,SIGMA,-,Thining Comb,pcs,,855
29.10.2025,SIGMA,-,Bottom Panel Black,pcs,,390
29.10.2025,SIGMA,-,I/O BUTTON BLACK TP,pcs,,700
29.10.2025,SIGMA,-,One Blade P-Cap,pcs,,545
29.10.2025,SIGMA,-,Panel Holder,pcs,,778
29.10.2025,SIGMA,-,Thining Comb,pcs,,855
30.10.2025,SIGMA,-,Bottom Panel Black,pcs,,390
30.10.2025,SIGMA,-,I/O BUTTON BLACK TP,pcs,,700
30.10.2025,SIGMA,-,One Blade P-Cap,pcs,,545
30.10.2025,SIGMA,-,Panel Holder,pcs,,778
30.10.2025,SIGMA,-,Thining Comb,pcs,,855
31.10.2025,SIGMA,-,Bottom Panel Black,pcs,,390
31.10.2025,SIGMA,-,I/O BUTTON BLACK TP,pcs,,700
31.10.2025,SIGMA,-,One Blade P-Cap,pcs,,545
31.10.2025,SIGMA,-,Panel Holder,pcs,,778
31.10.2025,SIGMA,-,Thining Comb,pcs,,855
01.11.2025,SIGMA,-,Bottom Panel Black,pcs,,417
01.11.2025,SIGMA,-,I/O BUTTON BLACK TP,pcs,,737
01.11.2025,SIGMA,-,One Blade P-Cap,pcs,,577
01.11.2025,SIGMA,-,Panel Holder,pcs,,0
01.11.2025,SIGMA,-,Thining Comb,pcs,,0
02.11.2025,SIGMA,-,Bottom Panel Black,pcs,,417
02.11.2025,SIGMA,-,I/O BUTTON BLACK TP,pcs,,737
02.11.2025,SIGMA,-,One Blade P-Cap,pcs,,577
02.11.2025,SIGMA,-,Panel Holder,pcs,,0
02.11.2025,SIGMA,-,Thining Comb,pcs,,0
03.11.2025,SIGMA,-,Bottom Panel Black,pcs,,417
03.11.2025,SIGMA,-,I/O BUTTON BLACK TP,pcs,,737
03.11.2025,SIGMA,-,One Blade P-Cap,pcs,,577
03.11.2025,SIGMA,-,Panel Holder,pcs,,855
03.11.2025,SIGMA,-,Thining Comb,pcs,,890
04.11.2025,SIGMA,-,Bottom Panel Black,pcs,,417
04.11.2025,SIGMA,-,I/O BUTTON BLACK TP,pcs,,737
04.11.2025,SIGMA,-,One Blade P-Cap,pcs,,577
04.11.2025,SIGMA,-,Panel Holder,pcs,,855
04.11.2025,SIGMA,-,Thining Comb,pcs,,890
05.11.2025,SIGMA,-,Bottom Panel Black,pcs,,417
05.11.2025,SIGMA,-,I/O BUTTON BLACK TP,pcs,,737
05.11.2025,SIGMA,-,One Blade P-Cap,pcs,,577
05.11.2025,SIGMA,-,Panel Holder,pcs,,855
05.11.2025,SIGMA,-,Thining Comb,pcs,,890
06.11.2025,SIGMA,-,Bottom Panel Black,pcs,,417
06.11.2025,SIGMA,-,I/O BUTTON BLACK TP,pcs,,737
06.11.2025,SIGMA,-,One Blade P-Cap,pcs,,577
06.11.2025,SIGMA,-,Panel Holder,pcs,,855
06.11.2025,SIGMA,-,Thining Comb,pcs,,890
07.11.2025,SIGMA,-,Bottom Panel Black,pcs,,417
07.11.2025,SIGMA,-,I/O BUTTON BLACK TP,pcs,,737
07.11.2025,SIGMA,-,One Blade P-Cap,pcs,,577
07.11.2025,SIGMA,-,Panel Holder,pcs,,855
07.11.2025,SIGMA,-,Thining Comb,pcs,,890
08.11.2025,SIGMA,-,Bottom Panel Black,pcs,,417
08.11.2025,SIGMA,-,I/O BUTTON BLACK TP,pcs,,737
08.11.2025,SIGMA,-,One Blade P-Cap,pcs,,577
08.11.2025,SIGMA,-,Panel Holder,pcs,,0
08.11.2025,SIGMA,-,Thining Comb,pcs,,0
09.11.2025,SIGMA,-,Bottom Panel Black,pcs,,417
09.11.2025,SIGMA,-,I/O BUTTON BLACK TP,pcs,,737
09.11.2025,SIGMA,-,One Blade P-Cap,pcs,,577
09.11.2025,SIGMA,-,Panel Holder,pcs,,0
09.11.2025,SIGMA,-,Thining Comb,pcs,,0
10.11.2025,SIGMA,-,Bottom Panel Black,pcs,,417
10.11.2025,SIGMA,-,I/O BUTTON BLACK TP,pcs,,737
10.11.2025,SIGMA,-,One Blade P-Cap,pcs,,577
10.11.2025,SIGMA,-,Panel Holder,pcs,,855
10.11.2025,SIGMA,-,Thining Comb,pcs,,890
11.11.2025,SIGMA,-,Bottom Panel Black,pcs,,417
11.11.2025,SIGMA,-,I/O BUTTON BLACK TP,pcs,,737
11.11.2025,SIGMA,-,One Blade P-Cap,pcs,,577
11.11.2025,SIGMA,-,Panel Holder,pcs,,855
11.11.2025,SIGMA,-,Thining Comb,pcs,,890
12.11.2025,SIGMA,-,Bottom Panel Black,pcs,,417
12.11.2025,SIGMA,-,I/O BUTTON BLACK TP,pcs,,737
12.11.2025,SIGMA,-,One Blade P-Cap,pcs,,577
12.11.2025,SIGMA,-,Panel Holder,pcs,,855
12.11.2025,SIGMA,-,Thining Comb,pcs,,890
13.11.2025,SIGMA,-,Bottom Panel Black,pcs,,417
13.11.2025,SIGMA,-,I/O BUTTON BLACK TP,pcs,,737
13.11.2025,SIGMA,-,One Blade P-Cap,pcs,,577
13.11.2025,SIGMA,-,Panel Holder,pcs,,855
13.11.2025,SIGMA,-,Thining Comb,pcs,,890
14.11.2025,SIGMA,-,Bottom Panel Black,pcs,,417
14.11.2025,SIGMA,-,I/O BUTTON BLACK TP,pcs,,737
14.11.2025,SIGMA,-,One Blade P-Cap,pcs,,577
14.11.2025,SIGMA,-,Panel Holder,pcs,,855
14.11.2025,SIGMA,-,Thining Comb,pcs,,890
15.11.2025,SIGMA,-,Bottom Panel Black,pcs,,417
15.11.2025,SIGMA,-,I/O BUTTON BLACK TP,pcs,,737
15.11.2025,SIGMA,-,One Blade P-Cap,pcs,,577
15.11.2025,SIGMA,-,Panel Holder,pcs,,0
15.11.2025,SIGMA,-,Thining Comb,pcs,,0
16.11.2025,SIGMA,-,Bottom Panel Black,pcs,,417
16.11.2025,SIGMA,-,I/O BUTTON BLACK TP,pcs,,737
16.11.2025,SIGMA,-,One Blade P-Cap,pcs,,577
16.11.2025,SIGMA,-,Panel Holder,pcs,,0
16.11.2025,SIGMA,-,Thining Comb,pcs,,0
17.11.2025,SIGMA,-,Bottom Panel Black,pcs,,417
17.11.2025,SIGMA,-,I/O BUTTON BLACK TP,pcs,,737
17.11.2025,SIGMA,-,One Blade P-Cap,pcs,,577
17.11.2025,SIGMA,-,Panel Holder,pcs,,855
17.11.2025,SIGMA,-,Thining Comb,pcs,,890
18.11.2025,SIGMA,-,Bottom Panel Black,pcs,,417
18.11.2025,SIGMA,-,I/O BUTTON BLACK TP,pcs,,737
18.11.2025,SIGMA,-,One Blade P-Cap,pcs,,577
18.11.2025,SIGMA,-,Panel Holder,pcs,,855
18.11.2025,SIGMA,-,Thining Comb,pcs,,890
19.11.2025,SIGMA,-,Bottom Panel Black,pcs,,417
19.11.2025,SIGMA,-,I/O BUTTON BLACK TP,pcs,,737
19.11.2025,SIGMA,-,One Blade P-Cap,pcs,,577
19.11.2025,SIGMA,-,Panel Holder,pcs,,855
19.11.2025,SIGMA,-,Thining Comb,pcs,,890
20.11.2025,SIGMA,-,Bottom Panel Black,pcs,,417
20.11.2025,SIGMA,-,I/O BUTTON BLACK TP,pcs,,737
20.11.2025,SIGMA,-,One Blade P-Cap,pcs,,577
20.11.2025,SIGMA,-,Panel Holder,pcs,,855
20.11.2025,SIGMA,-,Thining Comb,pcs,,890
21.11.2025,SIGMA,-,Bottom Panel Black,pcs,,416
21.11.2025,SIGMA,-,I/O BUTTON BLACK TP,pcs,,736
21.11.2025,SIGMA,-,One Blade P-Cap,pcs,,576
21.11.2025,SIGMA,-,Panel Holder,pcs,,855
21.11.2025,SIGMA,-,Thining Comb,pcs,,890
22.11.2025,SIGMA,-,Bottom Panel Black,pcs,,416
22.11.2025,SIGMA,-,I/O BUTTON BLACK TP,pcs,,736
22.11.2025,SIGMA,-,One Blade P-Cap,pcs,,576
22.11.2025,SIGMA,-,Panel Holder,pcs,,0
22.11.2025,SIGMA,-,Thining Comb,pcs,,0
23.11.2025,SIGMA,-,Bottom Panel Black,pcs,,416
23.11.2025,SIGMA,-,I/O BUTTON BLACK TP,pcs,,736
23.11.2025,SIGMA,-,One Blade P-Cap,pcs,,576
23.11.2025,SIGMA,-,Panel Holder,pcs,,0
23.11.2025,SIGMA,-,Thining Comb,pcs,,0
24.11.2025,SIGMA,-,Bottom Panel Black,pcs,,416
24.11.2025,SIGMA,-,I/O BUTTON BLACK TP,pcs,,736
24.11.2025,SIGMA,-,One Blade P-Cap,pcs,,576
24.11.2025,SIGMA,-,Panel Holder,pcs,,854
24.11.2025,SIGMA,-,Thining Comb,pcs,,890
25.11.2025,SIGMA,-,Bottom Panel Black,pcs,,416
25.11.2025,SIGMA,-,I/O BUTTON BLACK TP,pcs,,736
25.11.2025,SIGMA,-,One Blade P-Cap,pcs,,576
25.11.2025,SIGMA,-,Panel Holder,pcs,,854
25.11.2025,SIGMA,-,Thining Comb,pcs,,890
26.11.2025,SIGMA,-,Bottom Panel Black,pcs,,416
26.11.2025,SIGMA,-,I/O BUTTON BLACK TP,pcs,,736
26.11.2025,SIGMA,-,One Blade P-Cap,pcs,,576
26.11.2025,SIGMA,-,Panel Holder,pcs,,854
26.11.2025,SIGMA,-,Thining Comb,pcs,,890
27.11.2025,SIGMA,-,Bottom Panel Black,pcs,,416
27.11.2025,SIGMA,-,I/O BUTTON BLACK TP,pcs,,736
27.11.2025,SIGMA,-,One Blade P-Cap,pcs,,576
27.11.2025,SIGMA,-,Panel Holder,pcs,,855
27.11.2025,SIGMA,-,Thining Comb,pcs,,890
28.11.2025,SIGMA,-,Bottom Panel Black,pcs,,416
28.11.2025,SIGMA,-,I/O BUTTON BLACK TP,pcs,,736
28.11.2025,SIGMA,-,One Blade P-Cap,pcs,,576
28.11.2025,SIGMA,-,Panel Holder,pcs,,855
28.11.2025,SIGMA,-,Thining Comb,pcs,,890
29.11.2025,SIGMA,-,Bottom Panel Black,pcs,,416
29.11.2025,SIGMA,-,I/O BUTTON BLACK TP,pcs,,736
29.11.2025,SIGMA,-,One Blade P-Cap,pcs,,576
29.11.2025,SIGMA,-,Panel Holder,pcs,,0
29.11.2025,SIGMA,-,Thining Comb,pcs,,0
30.11.2025,SIGMA,-,Bottom Panel Black,pcs,,416
30.11.2025,SIGMA,-,I/O BUTTON BLACK TP,pcs,,736
30.11.2025,SIGMA,-,One Blade P-Cap,pcs,,576
30.11.2025,SIGMA,-,Panel Holder,pcs,,0
30.11.2025,SIGMA,-,Thining Comb,pcs,,0
01.12.2025,SIGMA,-,Bottom Panel Black,pcs,,417
01.12.2025,SIGMA,-,I/O BUTTON BLACK TP,pcs,,726
01.12.2025,SIGMA,-,One Blade P-Cap,pcs,,571
01.12.2025,SIGMA,-,Panel Holder,pcs,,728
01.12.2025,SIGMA,-,Thining Comb,pcs,,910
02.12.2025,SIGMA,-,Bottom Panel Black,pcs,,417
02.12.2025,SIGMA,-,I/O BUTTON BLACK TP,pcs,,726
02.12.2025,SIGMA,-,One Blade P-Cap,pcs,,571
02.12.2025,SIGMA,-,Panel Holder,pcs,,728
02.12.2025,SIGMA,-,Thining Comb,pcs,,910
03.12.2025,SIGMA,-,Bottom Panel Black,pcs,,417
03.12.2025,SIGMA,-,I/O BUTTON BLACK TP,pcs,,726
03.12.2025,SIGMA,-,One Blade P-Cap,pcs,,571
03.12.2025,SIGMA,-,Panel Holder,pcs,,728
03.12.2025,SIGMA,-,Thining Comb,pcs,,910
04.12.2025,SIGMA,-,Bottom Panel Black,pcs,,417
04.12.2025,SIGMA,-,I/O BUTTON BLACK TP,pcs,,726
04.12.2025,SIGMA,-,One Blade P-Cap,pcs,,571
04.12.2025,SIGMA,-,Panel Holder,pcs,,728
04.12.2025,SIGMA,-,Thining Comb,pcs,,910
05.12.2025,SIGMA,-,Bottom Panel Black,pcs,,416
05.12.2025,SIGMA,-,I/O BUTTON BLACK TP,pcs,,726
05.12.2025,SIGMA,-,One Blade P-Cap,pcs,,571
05.12.2025,SIGMA,-,Panel Holder,pcs,,728
05.12.2025,SIGMA,-,Thining Comb,pcs,,910
06.12.2025,SIGMA,-,Bottom Panel Black,pcs,,416
06.12.2025,SIGMA,-,I/O BUTTON BLACK TP,pcs,,726
06.12.2025,SIGMA,-,One Blade P-Cap,pcs,,571
06.12.2025,SIGMA,-,Panel Holder,pcs,,0
06.12.2025,SIGMA,-,Thining Comb,pcs,,0
07.12.2025,SIGMA,-,Bottom Panel Black,pcs,,416
07.12.2025,SIGMA,-,I/O BUTTON BLACK TP,pcs,,726
07.12.2025,SIGMA,-,One Blade P-Cap,pcs,,571
07.12.2025,SIGMA,-,Panel Holder,pcs,,0
07.12.2025,SIGMA,-,Thining Comb,pcs,,0
08.12.2025,SIGMA,-,Bottom Panel Black,pcs,,416
08.12.2025,SIGMA,-,I/O BUTTON BLACK TP,pcs,,726
08.12.2025,SIGMA,-,One Blade P-Cap,pcs,,571
08.12.2025,SIGMA,-,Panel Holder,pcs,,728
08.12.2025,SIGMA,-,Thining Comb,pcs,,910
09.12.2025,SIGMA,-,Bottom Panel Black,pcs,,416
09.12.2025,SIGMA,-,I/O BUTTON BLACK TP,pcs,,726
09.12.2025,SIGMA,-,One Blade P-Cap,pcs,,571
09.12.2025,SIGMA,-,Panel Holder,pcs,,728
09.12.2025,SIGMA,-,Thining Comb,pcs,,910
10.12.2025,SIGMA,-,Bottom Panel Black,pcs,,416
10.12.2025,SIGMA,-,I/O BUTTON BLACK TP,pcs,,726
10.12.2025,SIGMA,-,One Blade P-Cap,pcs,,571
10.12.2025,SIGMA,-,Panel Holder,pcs,,728
10.12.2025,SIGMA,-,Thining Comb,pcs,,910
11.12.2025,SIGMA,-,Bottom Panel Black,pcs,,416
11.12.2025,SIGMA,-,I/O BUTTON BLACK TP,pcs,,726
11.12.2025,SIGMA,-,One Blade P-Cap,pcs,,571
11.12.2025,SIGMA,-,Panel Holder,pcs,,728
11.12.2025,SIGMA,-,Thining Comb,pcs,,910
12.12.2025,SIGMA,-,Bottom Panel Black,pcs,,416
12.12.2025,SIGMA,-,I/O BUTTON BLACK TP,pcs,,726
12.12.2025,SIGMA,-,One Blade P-Cap,pcs,,571
12.12.2025,SIGMA,-,Panel Holder,pcs,,728
12.12.2025,SIGMA,-,Thining Comb,pcs,,910
13.12.2025,SIGMA,-,Bottom Panel Black,pcs,,416
13.12.2025,SIGMA,-,I/O BUTTON BLACK TP,pcs,,726
13.12.2025,SIGMA,-,One Blade P-Cap,pcs,,571
13.12.2025,SIGMA,-,Panel Holder,pcs,,0
13.12.2025,SIGMA,-,Thining Comb,pcs,,0
14.12.2025,SIGMA,-,Bottom Panel Black,pcs,,416
14.12.2025,SIGMA,-,I/O BUTTON BLACK TP,pcs,,726
14.12.2025,SIGMA,-,One Blade P-Cap,pcs,,571
14.12.2025,SIGMA,-,Panel Holder,pcs,,0
14.12.2025,SIGMA,-,Thining Comb,pcs,,0
15.12.2025,SIGMA,-,Bottom Panel Black,pcs,,416
15.12.2025,SIGMA,-,I/O BUTTON BLACK TP,pcs,,726
15.12.2025,SIGMA,-,One Blade P-Cap,pcs,,571
15.12.2025,SIGMA,-,Panel Holder,pcs,,727
15.12.2025,SIGMA,-,Thining Comb,pcs,,910
16.12.2025,SIGMA,-,Bottom Panel Black,pcs,,416
16.12.2025,SIGMA,-,I/O BUTTON BLACK TP,pcs,,726
16.12.2025,SIGMA,-,One Blade P-Cap,pcs,,571
16.12.2025,SIGMA,-,Panel Holder,pcs,,727
16.12.2025,SIGMA,-,Thining Comb,pcs,,910
17.12.2025,SIGMA,-,Bottom Panel Black,pcs,,416
17.12.2025,SIGMA,-,I/O BUTTON BLACK TP,pcs,,726
17.12.2025,SIGMA,-,One Blade P-Cap,pcs,,571
17.12.2025,SIGMA,-,Panel Holder,pcs,,727
17.12.2025,SIGMA,-,Thining Comb,pcs,,910
18.12.2025,SIGMA,-,Bottom Panel Black,pcs,,416
18.12.2025,SIGMA,-,I/O BUTTON BLACK TP,pcs,,726
18.12.2025,SIGMA,-,One Blade P-Cap,pcs,,571
18.12.2025,SIGMA,-,Panel Holder,pcs,,727
18.12.2025,SIGMA,-,Thining Comb,pcs,,910
19.12.2025,SIGMA,-,Bottom Panel Black,pcs,,416
19.12.2025,SIGMA,-,I/O BUTTON BLACK TP,pcs,,726
19.12.2025,SIGMA,-,One Blade P-Cap,pcs,,571
19.12.2025,SIGMA,-,Panel Holder,pcs,,727
19.12.2025,SIGMA,-,Thining Comb,pcs,,910
20.12.2025,SIGMA,-,Bottom Panel Black,pcs,,416
20.12.2025,SIGMA,-,I/O BUTTON BLACK TP,pcs,,726
20.12.2025,SIGMA,-,One Blade P-Cap,pcs,,571
20.12.2025,SIGMA,-,Panel Holder,pcs,,0
20.12.2025,SIGMA,-,Thining Comb,pcs,,0
21.12.2025,SIGMA,-,Bottom Panel Black,pcs,,416
21.12.2025,SIGMA,-,I/O BUTTON BLACK TP,pcs,,726
21.12.2025,SIGMA,-,One Blade P-Cap,pcs,,571
21.12.2025,SIGMA,-,Panel Holder,pcs,,0
21.12.2025,SIGMA,-,Thining Comb,pcs,,0
22.12.2025,SIGMA,-,Bottom Panel Black,pcs,,416
22.12.2025,SIGMA,-,I/O BUTTON BLACK TP,pcs,,726
22.12.2025,SIGMA,-,One Blade P-Cap,pcs,,571
22.12.2025,SIGMA,-,Panel Holder,pcs,,727
22.12.2025,SIGMA,-,Thining Comb,pcs,,910
23.12.2025,SIGMA,-,Bottom Panel Black,pcs,,416
23.12.2025,SIGMA,-,I/O BUTTON BLACK TP,pcs,,726
23.12.2025,SIGMA,-,One Blade P-Cap,pcs,,571
23.12.2025,SIGMA,-,Panel Holder,pcs,,727
23.12.2025,SIGMA,-,Thining Comb,pcs,,910
24.12.2025,SIGMA,-,Bottom Panel Black,pcs,,416
24.12.2025,SIGMA,-,I/O BUTTON BLACK TP,pcs,,726
24.12.2025,SIGMA,-,One Blade P-Cap,pcs,,571
24.12.2025,SIGMA,-,Panel Holder,pcs,,727
24.12.2025,SIGMA,-,Thining Comb,pcs,,910
25.12.2025,SIGMA,-,Bottom Panel Black,pcs,,416
25.12.2025,SIGMA,-,I/O BUTTON BLACK TP,pcs,,726
25.12.2025,SIGMA,-,One Blade P-Cap,pcs,,571
25.12.2025,SIGMA,-,Panel Holder,pcs,,727
25.12.2025,SIGMA,-,Thining Comb,pcs,,910
26.12.2025,SIGMA,-,Bottom Panel Black,pcs,,416
26.12.2025,SIGMA,-,I/O BUTTON BLACK TP,pcs,,725
26.12.2025,SIGMA,-,One Blade P-Cap,pcs,,571
26.12.2025,SIGMA,-,Panel Holder,pcs,,727
26.12.2025,SIGMA,-,Thining Comb,pcs,,910
27.12.2025,SIGMA,-,Bottom Panel Black,pcs,,416
27.12.2025,SIGMA,-,I/O BUTTON BLACK TP,pcs,,725
27.12.2025,SIGMA,-,One Blade P-Cap,pcs,,571
27.12.2025,SIGMA,-,Panel Holder,pcs,,0
27.12.2025,SIGMA,-,Thining Comb,pcs,,0
28.12.2025,SIGMA,-,Bottom Panel Black,pcs,,416
28.12.2025,SIGMA,-,I/O BUTTON BLACK TP,pcs,,725
28.12.2025,SIGMA,-,One Blade P-Cap,pcs,,571
28.12.2025,SIGMA,-,Panel Holder,pcs,,0
28.12.2025,SIGMA,-,Thining Comb,pcs,,0
29.12.2025,SIGMA,-,Bottom Panel Black,pcs,,416
29.12.2025,SIGMA,-,I/O BUTTON BLACK TP,pcs,,725
29.12.2025,SIGMA,-,One Blade P-Cap,pcs,,571
29.12.2025,SIGMA,-,Panel Holder,pcs,,727
29.12.2025,SIGMA,-,Thining Comb,pcs,,910
30.12.2025,SIGMA,-,Bottom Panel Black,pcs,,416
30.12.2025,SIGMA,-,I/O BUTTON BLACK TP,pcs,,725
30.12.2025,SIGMA,-,One Blade P-Cap,pcs,,571
30.12.2025,SIGMA,-,Panel Holder,pcs,,727
30.12.2025,SIGMA,-,Thining Comb,pcs,,910
31.12.2025,SIGMA,-,Bottom Panel Black,pcs,,416
31.12.2025,SIGMA,-,I/O BUTTON BLACK TP,pcs,,725
31.12.2025,SIGMA,-,One Blade P-Cap,pcs,,570
31.12.2025,SIGMA,-,Panel Holder,pcs,,727
31.12.2025,SIGMA,-,Thining Comb,pcs,,910
